repo,fork_default_branch,vs_upstream_main_status,commits_ahead_of_upstream_main,commits_behind_upstream_main,branches_on_fork_not_on_upstream,branches_on_upstream_not_on_fork,compare_error,fork_pushed_at,fork_stars
jyehn/vphone-cli,main,identical,0,0,,feat/vphoned-modules-and-menus;swift-yyds,,2026-04-30T09:28:00Z,0
hjxh999/vphone-cli,main,identical,0,0,,feat/vphoned-modules-and-menus;swift-yyds,,2026-04-30T09:28:00Z,0
hotkingda/vphone-cli,main,identical,0,0,,feat/vphoned-modules-and-menus;swift-yyds,,2026-04-30T09:28:00Z,0
notifymsg/vphone-cli,main,identical,0,0,,feat/vphoned-modules-and-menus;swift-yyds,,2026-04-30T09:28:00Z,0
hexploitable/vphone-cli,main,identical,0,0,,feat/vphoned-modules-and-menus;swift-yyds,,2026-04-30T09:28:00Z,0
aLamentation/vphone-cli,main,identical,0,0,,feat/vphoned-modules-and-menus;swift-yyds,,2026-04-30T09:28:00Z,0
matteyeux/vphone-cli,main,diverged,1,2,,feat/vphoned-modules-and-menus;swift-yyds,,2026-04-30T08:45:14Z,2
zy1911/vphone-cli,main,behind,0,2,,feat/vphoned-modules-and-menus;swift-yyds,,2026-04-27T10:32:26Z,0
FaSxxf/vphone-cli,main,behind,0,2,,feat/vphoned-modules-and-menus;swift-yyds,,2026-04-27T10:32:26Z,0
Charlesonr/vphone-cli,main,behind,0,2,,feat/vphoned-modules-and-menus;swift-yyds,,2026-04-27T10:32:26Z,0
bbccdd2077/vphone-cli,main,behind,0,2,,feat/vphoned-modules-and-menus;swift-yyds,,2026-04-27T10:32:26Z,0
eagle518/vphone-cli,main,behind,0,2,,feat/vphoned-modules-and-menus;swift-yyds,,2026-04-27T10:32:26Z,0
Aoyoooo/vphone-cli,main,behind,0,2,,feat/vphoned-modules-and-menus;swift-yyds,,2026-04-27T10:32:26Z,0
mikanovasa-del/vphone-cli,main,behind,0,2,,feat/vphoned-modules-and-menus;swift-yyds,,2026-04-27T10:32:26Z,0
szjhtz/vphone-cli,main,behind,0,2,,feat/vphoned-modules-and-menus;swift-yyds,,2026-04-27T10:32:26Z,0
smoonthsky/vphone-cli,main,behind,0,2,,feat/vphoned-modules-and-menus;swift-yyds,,2026-04-27T10:32:26Z,0
liudaox/vphone-cli,main,behind,0,2,,feat/vphoned-modules-and-menus;swift-yyds,,2026-04-27T10:32:26Z,0
sharkmabin/vphone-cli,main,behind,0,2,,feat/vphoned-modules-and-menus;swift-yyds,,2026-04-27T10:32:26Z,0
cjckkk/vphone-cli,main,behind,0,2,,feat/vphoned-modules-and-menus;swift-yyds,,2026-04-27T10:32:26Z,0
dian003/vphone-cli,main,behind,0,2,,feat/vphoned-modules-and-menus;swift-yyds,,2026-04-27T10:32:26Z,0
charleyzhu/vphone-cli,main,behind,0,3,,feat/vphoned-modules-and-menus;swift-yyds,,2026-04-26T15:54:23Z,0
yuyu996688/vphone-cli,main,behind,0,3,,feat/vphoned-modules-and-menus;swift-yyds,,2026-04-26T15:54:23Z,0
zac-ai-commits/vphone-cli,main,behind,0,2,,feat/vphoned-modules-and-menus;swift-yyds,,2026-04-27T14:21:02Z,0
fuckgm/vphone-cli,main,behind,0,5,,feat/vphoned-modules-and-menus;swift-yyds,,2026-04-23T21:19:29Z,0
Irek90s/vphone-cli,main,behind,0,5,,feat/vphoned-modules-and-menus;swift-yyds,,2026-04-23T21:19:29Z,0
tmallhk/vphone-cli,main,behind,0,5,,feat/vphoned-modules-and-menus;swift-yyds,,2026-04-23T21:19:29Z,0
cappuccinoassasino/vphone-cli,main,behind,0,5,,feat/vphoned-modules-and-menus;swift-yyds,,2026-04-23T21:19:29Z,0
ArtiNexus/vphone-cli,main,behind,0,5,,feat/vphoned-modules-and-menus;swift-yyds,,2026-04-23T21:19:29Z,0
hutangfei/vphone-cli,main,behind,0,5,,,,2026-04-23T21:19:29Z,0
mcutools/vphone-cli,main,behind,0,5,,,,2026-04-23T21:19:29Z,0
hengsombo/vphone-cli,main,behind,0,8,,feat/vphoned-modules-and-menus;swift-yyds,,2026-04-21T20:37:07Z,0
LeinahI/vphone-cli,main,behind,0,8,,feat/vphoned-modules-and-menus;swift-yyds,,2026-04-21T20:37:07Z,0
ljh740/vphone-cli,main,identical,0,0,,feat/vphoned-modules-and-menus;swift-yyds,,2026-04-30T10:23:36Z,0
baizijie/vphone-cli,main,behind,0,8,,feat/vphoned-modules-and-menus;swift-yyds,,2026-04-21T20:37:07Z,0
JianLai28/vphone-cli,main,behind,0,8,,feat/vphoned-modules-and-menus;swift-yyds,,2026-04-21T20:37:07Z,0
sindooo/vphone-cli,main,behind,0,13,fix-vm-list-exit,feat/vphoned-modules-and-menus;swift-yyds,,2026-04-21T04:16:12Z,0
s89287021/vphone-cli,main,behind,0,13,,feat/vphoned-modules-and-menus;swift-yyds,,2026-04-20T14:23:33Z,0
mofredtech/vphone-cli,main,behind,0,16,,feat/vphoned-modules-and-menus;swift-yyds,,2026-04-15T13:41:08Z,1
Be-colly/vphone-cli,main,behind,0,16,,feat/vphoned-modules-and-menus;swift-yyds,,2026-04-15T13:41:08Z,0
matosdiego/vphone-cli,main,behind,0,16,,feat/vphoned-modules-and-menus;swift-yyds,,2026-04-15T13:41:08Z,0
MaTriXy/vphone-cli,main,identical,0,0,,feat/vphoned-modules-and-menus;swift-yyds,,2026-05-01T01:18:22Z,0
Accessibility-Labs/vphone-cli,main,behind,0,16,,feat/vphoned-modules-and-menus;swift-yyds,,2026-04-15T13:41:08Z,0
iskandarsaleh/vphone-cli,main,behind,0,16,,feat/vphoned-modules-and-menus;swift-yyds,,2026-04-15T13:41:08Z,0
idaoyunprivate/vphone-cli,main,behind,0,16,,feat/vphoned-modules-and-menus;swift-yyds,,2026-04-15T13:41:08Z,0
Eirias/vphone-cli,main,behind,0,16,,feat/vphoned-modules-and-menus;swift-yyds,,2026-04-15T13:41:08Z,0
bryanshake/vphone-cli,main,behind,0,16,,feat/vphoned-modules-and-menus;swift-yyds,,2026-04-15T13:41:08Z,0
omeos-fork/Lakr233.vphone-cli,main,behind,0,16,,,,2026-04-15T13:41:08Z,0
dange0/vphone-cli,main,behind,0,16,,,,2026-04-15T13:41:08Z,0
linhvk/vphone-cli,main,behind,0,16,,,,2026-04-15T13:41:08Z,0
OPAT-NaiPing/vphone-cli,main,behind,0,16,,feat/vphoned-modules-and-menus;swift-yyds,,2026-04-15T13:41:08Z,0
erlangzhang/vphone-cli,main,behind,0,16,,feat/vphoned-modules-and-menus;swift-yyds,,2026-04-15T13:41:08Z,0
AmnaLePage/vphone-cli,main,behind,0,16,,,,2026-04-15T13:41:08Z,0
OnlyBMan/vphone-cli,main,behind,0,16,,feat/vphoned-modules-and-menus;swift-yyds,,2026-04-15T13:41:08Z,0
bosshuman/vphone-cli,main,behind,0,18,,,,2026-04-10T11:40:59Z,0
jinxiubaicheng/vphone-cli,main,behind,0,18,,feat/vphoned-modules-and-menus;swift-yyds,,2026-04-10T11:40:59Z,0
Fimeg/vphone-cli,main,behind,0,18,,feat/vphoned-modules-and-menus;swift-yyds,,2026-04-10T11:40:59Z,0
DavidAGInnovation/vphone-cli,main,behind,0,18,,feat/vphoned-modules-and-menus;swift-yyds,,2026-04-10T11:40:59Z,0
kyrosle/vphone-cli,main,behind,0,18,,feat/vphoned-modules-and-menus;swift-yyds,,2026-04-10T11:40:59Z,0
booccp/vphone-cli,main,behind,0,18,,feat/vphoned-modules-and-menus;swift-yyds,,2026-04-10T11:40:59Z,0
sudo-angus/vphone-cli,main,behind,0,15,codex/tcp-workaround-diagnostics;develop;feat/guest-agent-commands;fix/exc-guard-violation,,,2026-04-30T08:06:32Z,0
GrassH/vphone-cli,main,behind,0,18,,feat/vphoned-modules-and-menus;swift-yyds,,2026-04-10T11:40:59Z,0
txy10080/vphone-cli,main,behind,0,18,,feat/vphoned-modules-and-menus;swift-yyds,,2026-04-10T11:40:59Z,0
shangguancaiyun/vphone-cli,main,behind,0,18,,feat/vphoned-modules-and-menus;swift-yyds,,2026-04-10T11:40:59Z,0
burcb330134/vphone-cli,main,behind,0,18,,,,2026-04-10T11:40:59Z,0
qiujianquan/vphone-cli,main,behind,0,18,,feat/vphoned-modules-and-menus;swift-yyds,,2026-04-10T11:40:59Z,0
kimliu888/vphone-cli,main,behind,0,18,,feat/vphoned-modules-and-menus;swift-yyds,,2026-04-10T11:40:59Z,0
zhangyu2099/vphone-cli,main,behind,0,18,,feat/vphoned-modules-and-menus;swift-yyds,,2026-04-10T11:40:59Z,0
a84483079-ui/vphone-cli,main,identical,0,0,,feat/vphoned-modules-and-menus;swift-yyds,,2026-04-30T22:34:34Z,0
to404/vphone-cli,main,behind,0,18,,feat/vphoned-modules-and-menus;swift-yyds,,2026-04-10T11:40:59Z,0
higuaifan/vphone-cli,main,behind,0,18,,,,2026-04-10T11:40:59Z,0
Lido95/vphone-cli,main,behind,0,18,,feat/vphoned-modules-and-menus;swift-yyds,,2026-04-10T11:40:59Z,0
aisdn/vphone-cli,main,behind,0,19,,feat/vphoned-modules-and-menus;swift-yyds,,2026-04-08T15:31:14Z,0
RowSalmon/vphone-cli,main,behind,0,19,patch-1,,,2026-04-10T08:08:59Z,0
xiaoyang95272571/vphone-cli,main,behind,0,19,,feat/vphoned-modules-and-menus;swift-yyds,,2026-04-08T15:31:14Z,0
hasandemir/vphone-cli,main,behind,0,19,,feat/vphoned-modules-and-menus;swift-yyds,,2026-04-08T15:31:14Z,0
gitechx/vphone-cli,main,behind,0,19,,feat/vphoned-modules-and-menus;swift-yyds,,2026-04-08T15:31:14Z,0
starredjaco/vphone-cli,main,behind,0,5,,,,2026-04-24T15:06:48Z,0
adilemreee/vphone-cli,main,behind,0,19,,feat/vphoned-modules-and-menus;swift-yyds,,2026-04-08T15:31:14Z,0
servetkarckay/vphone-cli,main,behind,0,19,,feat/vphoned-modules-and-menus;swift-yyds,,2026-04-08T15:31:14Z,0
stug0ts/vphone-cli,main,behind,0,19,,feat/vphoned-modules-and-menus;swift-yyds,,2026-04-08T15:31:14Z,0
lindows/IOS-.20260409,main,behind,0,19,,,,2026-04-08T15:31:14Z,0
8482416-web/vphone-cli,main,behind,0,31,,feat/vphoned-modules-and-menus;swift-yyds,,2026-04-04T15:54:11Z,0
goodOrbad/vphone-cli,main,behind,0,31,,feat/vphoned-modules-and-menus;swift-yyds,,2026-04-04T15:54:11Z,0
leitianya/vphone-cli,main,behind,0,31,,,,2026-04-04T15:54:11Z,0
zhaoawd/vphone-cli,main,behind,0,2,,,,2026-04-29T01:48:07Z,0
matrix9neonebuchadnezzar2199-sketch/vphone-cli,main,behind,0,31,,feat/vphoned-modules-and-menus;swift-yyds,,2026-04-04T15:54:11Z,0
leoluodesigner/vphone-cli,main,behind,0,31,,feat/vphoned-modules-and-menus;swift-yyds,,2026-04-04T15:54:11Z,0
jobpassion/vphone-cli,main,behind,0,31,docs/restore-jb-flow,feat/vphoned-modules-and-menus;swift-yyds,,2026-04-07T16:24:23Z,0
amalruwantha11/vphone-cli,main,behind,0,31,,feat/vphoned-modules-and-menus;swift-yyds,,2026-04-04T15:54:11Z,0
umikato/vphone-cli,main,behind,0,31,,feat/vphoned-modules-and-menus;swift-yyds,,2026-04-04T15:54:11Z,0
trinity999/vphone-cli,main,behind,0,31,,feat/vphoned-modules-and-menus;swift-yyds,,2026-04-04T15:54:11Z,0
604163610/vphone-cli,main,behind,0,31,,feat/vphoned-modules-and-menus;swift-yyds,,2026-04-04T15:54:11Z,0
zwg20000/vphone-cli,main,behind,0,31,,feat/vphoned-modules-and-menus;swift-yyds,,2026-04-04T15:54:11Z,0
D0770RE/vphone-cli,main,behind,0,31,,feat/vphoned-modules-and-menus;swift-yyds,,2026-04-04T15:54:11Z,0
zhehume/vphone-cli,main,behind,0,31,,feat/vphoned-modules-and-menus;swift-yyds,,2026-04-04T15:54:11Z,0
som798014-alt/vphone-cli,main,behind,0,31,,feat/vphoned-modules-and-menus;swift-yyds,,2026-04-04T15:54:11Z,0
asfia8868/vphone-cli,main,behind,0,31,,feat/vphoned-modules-and-menus;swift-yyds,,2026-04-04T15:54:11Z,0
Super-Aaron/vphone-cli,main,behind,0,31,,feat/vphoned-modules-and-menus;swift-yyds,,2026-04-04T15:54:11Z,0
pengdayoo/vphone-cli,main,behind,0,31,,feat/vphoned-modules-and-menus;swift-yyds,,2026-04-04T15:54:11Z,0
khizzioui97/vphone-cli,main,behind,0,31,,feat/vphoned-modules-and-menus;swift-yyds,,2026-04-04T15:54:11Z,0
moneko-o/vphone-cli,main,behind,0,31,,feat/vphoned-modules-and-menus;swift-yyds,,2026-04-04T15:54:11Z,0
yuanshirenasdas24525/vphone-cli,main,behind,0,31,,feat/vphoned-modules-and-menus;swift-yyds,,2026-04-04T15:54:11Z,0
djun/vphone-cli,main,behind,0,35,,feat/vphoned-modules-and-menus;swift-yyds,,2026-04-04T14:31:36Z,0
Twilight-Evd/vphone-cli,main,behind,0,36,,feat/vphoned-modules-and-menus;swift-yyds,,2026-04-03T10:47:09Z,0
gztcode/vphone-cli,main,behind,0,36,,feat/vphoned-modules-and-menus;swift-yyds,,2026-04-03T10:47:09Z,0
ZakFong/f-vphone-cli,main,behind,0,36,,feat/vphoned-modules-and-menus;swift-yyds,,2026-04-03T10:47:09Z,0
jotals3/vphone-cli,main,behind,0,18,,feat/vphoned-modules-and-menus;swift-yyds,,2026-04-10T17:08:40Z,0
sagarOffsec/vphone-cli,main,behind,0,36,,feat/vphoned-modules-and-menus;swift-yyds,,2026-04-03T10:47:09Z,0
liangyile527/vphone-cli,main,behind,0,36,,feat/vphoned-modules-and-menus;swift-yyds,,2026-04-03T10:47:09Z,0
doukounianhua/vphone-cli,main,behind,0,37,,,,2026-03-30T23:59:37Z,0
isnain-dr/vmphone-cli,main,behind,0,37,,feat/vphoned-modules-and-menus;swift-yyds,,2026-03-30T23:59:37Z,0
seehar/vphone-cli,main,behind,0,37,,feat/vphoned-modules-and-menus;swift-yyds,,2026-03-30T23:59:37Z,0
louky69008/vphone-cli,main,behind,0,37,,feat/vphoned-modules-and-menus;swift-yyds,,2026-03-30T23:59:37Z,0
liu338588/vphone-cli,main,behind,0,37,,feat/vphoned-modules-and-menus;swift-yyds,,2026-03-30T23:59:37Z,0
renegadelink/vphone-cli,main,diverged,1,37,restore-offline-pmd3,,,2026-04-26T14:54:35Z,1
thetestedbeta/vphone-cli,main,behind,0,37,,feat/vphoned-modules-and-menus;swift-yyds,,2026-03-30T23:59:37Z,0
yidakra/vphone-cli,main,behind,0,37,fix/setup-machine-bootstrap,,,2026-04-02T17:35:50Z,0
code-srvliner/vphone-cli,main,behind,0,37,,,,2026-03-30T23:59:37Z,0
waydone/vphone-cli,main,behind,0,37,,feat/vphoned-modules-and-menus;swift-yyds,,2026-03-30T23:59:37Z,0
tps5418/vphone-cli,main,behind,0,16,nishao-dev-clipborad,feat/vphoned-modules-and-menus;swift-yyds,,2026-04-16T03:15:00Z,0
lawrence3699/vphone-cli,main,behind,0,37,,,,2026-03-30T23:59:37Z,0
IslamAlorabI/vphone-cli,main,behind,0,37,,feat/vphoned-modules-and-menus;swift-yyds,,2026-03-30T23:59:37Z,0
d4rks1d33/vphone-cli,main,behind,0,37,,feat/vphoned-modules-and-menus;swift-yyds,,2026-03-30T23:59:37Z,0
qq674684107/vphone-cli,main,behind,0,37,,feat/vphoned-modules-and-menus;swift-yyds,,2026-03-30T23:59:37Z,0
jichenan001/vphone-cli,main,behind,0,37,,feat/vphoned-modules-and-menus;swift-yyds,,2026-03-30T23:59:37Z,0
RoverQY-Yang/vphone-cli,main,behind,0,37,,feat/vphoned-modules-and-menus;swift-yyds,,2026-03-30T23:59:37Z,0
fhc5326/vphone-cli,main,behind,0,37,,,,2026-03-30T23:59:37Z,0
wen9987/vphone-cli,main,behind,0,37,,feat/vphoned-modules-and-menus;swift-yyds,,2026-03-30T23:59:37Z,0
leixjin/vphone-cli,main,behind,0,37,,,,2026-03-30T23:59:37Z,0
BwRy/vphone-cli,main,behind,0,37,,feat/vphoned-modules-and-menus;swift-yyds,,2026-03-30T23:59:37Z,0
RandyMcMillan/vphone-cli,main,behind,0,37,,,,2026-03-30T23:59:37Z,1
AAAAAAAA-sta/vphone-cli,main,behind,0,37,,,,2026-03-30T23:59:37Z,0
znh3012107/vphone-cli,main,behind,0,37,,feat/vphoned-modules-and-menus;swift-yyds,,2026-03-30T23:59:37Z,0
IronnMan/vphone-cli,main,behind,0,37,,feat/vphoned-modules-and-menus;swift-yyds,,2026-03-30T23:59:37Z,0
jarvisdoanything/vphone-cli,main,behind,0,37,,feat/vphoned-modules-and-menus;swift-yyds,,2026-03-30T23:59:37Z,0
kkkkjack/vphone-cli,main,behind,0,37,,feat/vphoned-modules-and-menus;swift-yyds,,2026-03-30T23:59:37Z,0
AlexDev404/vphone-cli,main,behind,0,37,,,,2026-03-30T23:59:37Z,0
neuexg/vphone-cli,main,behind,0,37,,feat/vphoned-modules-and-menus;swift-yyds,,2026-03-30T23:59:37Z,0
MrHuangJser/vphone-cli,main,behind,0,37,,feat/vphoned-modules-and-menus;swift-yyds,,2026-03-30T23:59:37Z,0
KaliRootSuperUser/vphone-cli,main,behind,0,37,,feat/vphoned-modules-and-menus;swift-yyds,,2026-03-30T23:59:37Z,1
h78nl/vphone-cli,main,behind,0,38,,,,2026-03-18T18:24:01Z,0
Razin-Dev/Iphone67,main,behind,0,38,,feat/vphoned-modules-and-menus;swift-yyds,,2026-03-18T18:24:01Z,0
aofalyb/vphone-cli,main,behind,0,38,,feat/vphoned-modules-and-menus;swift-yyds,,2026-03-18T18:24:01Z,0
alvis233/vphone-cli,main,behind,0,38,,feat/vphoned-modules-and-menus;swift-yyds,,2026-03-18T18:24:01Z,0
kakahu2015/vphone-cli,main,behind,0,19,,feat/vphoned-modules-and-menus;swift-yyds,,2026-04-09T01:37:20Z,0
chonline/vphone-cli,main,behind,0,38,,feat/vphoned-modules-and-menus;swift-yyds,,2026-03-18T18:24:01Z,0
linsion/vphone-cli,main,behind,0,38,,feat/vphoned-modules-and-menus;swift-yyds,,2026-03-18T18:24:01Z,0
rabinsxp/vphone-cli,main,behind,0,38,,feat/vphoned-modules-and-menus;swift-yyds,,2026-03-18T18:24:01Z,0
ozkalkans/vphone-cli,main,behind,0,38,,feat/vphoned-modules-and-menus;swift-yyds,,2026-03-18T18:24:01Z,0
yongshuai1013/vphone-cli,main,behind,0,5,,,,2026-04-26T13:59:20Z,0
bruce-akc/vphone-cli,main,behind,0,38,,feat/vphoned-modules-and-menus;swift-yyds,,2026-03-18T18:24:01Z,0
mpass99/vphone-cli,main,diverged,11,31,feature/patchless;feature/patchless-binpack;fix/video-acceleration;patchless-hardening,feat/vphoned-modules-and-menus;swift-yyds,,2026-04-22T15:13:16Z,1
netindiapro/vphone-cli,main,behind,0,38,,feat/vphoned-modules-and-menus;swift-yyds,,2026-03-18T18:24:01Z,0
1024BytesTyobi/vphone-cli,main,behind,0,38,,feat/vphoned-modules-and-menus;swift-yyds,,2026-03-18T18:24:01Z,0
mananpa/vphone-cli,main,,,,,feat/vphoned-modules-and-menus;main;swift-yyds,"{""message"":""Not Found"",""documentation_url"":""https://docs.github.com/rest/commits/commits#compare-two-commits"",""status"":""404""} | branches_fetch:404",2026-03-18T18:24:01Z,0
ruabbit/vphone-cli,main,behind,0,38,,feat/vphoned-modules-and-menus;swift-yyds,,2026-03-18T18:24:01Z,0
pluginslab/vphone-cli,main,diverged,6,38,docs/automation-mcp;feat/host-control-automation;fix/setup-machine-ecid-race,,,2026-04-01T22:59:13Z,0
rizalcuyyy/vphone-cli,main,behind,0,38,,feat/vphoned-modules-and-menus;swift-yyds,,2026-03-18T18:24:01Z,0
cooslife/vphone-cli,main,behind,0,38,,feat/vphoned-modules-and-menus;swift-yyds,,2026-03-18T18:24:01Z,0
ZeokZqom/vphone-cli,main,behind,0,38,,feat/vphoned-modules-and-menus;swift-yyds,,2026-03-18T18:24:01Z,0
Mriris/vphone-cli,main,behind,0,38,,,,2026-03-18T18:24:01Z,0
dustink66/vphone-cli,main,behind,0,38,,feat/vphoned-modules-and-menus;swift-yyds,,2026-03-18T18:24:01Z,0
DargonLee/vphone-cli,main,behind,0,38,,feat/vphoned-modules-and-menus;swift-yyds,,2026-03-18T18:24:01Z,0
CaquinhoDev/vphone-cli,main,behind,0,38,,feat/vphoned-modules-and-menus;swift-yyds,,2026-03-18T18:24:01Z,0
RazvanMR/vphone-cli,main,behind,0,38,,feat/vphoned-modules-and-menus;swift-yyds,,2026-03-18T18:24:01Z,0
csclinicdrangga/vphone-cli,main,behind,0,38,,feat/vphoned-modules-and-menus;swift-yyds,,2026-03-18T18:24:01Z,0
dekinsq/vphone-cli,main,behind,0,38,,feat/vphoned-modules-and-menus;swift-yyds,,2026-03-18T18:24:01Z,0
aoxiaobao/vphone-cli,main,behind,0,38,,feat/vphoned-modules-and-menus;swift-yyds,,2026-03-18T18:24:01Z,0
INNVENCIBLE/vphone-cli,main,behind,0,38,,,,2026-03-18T18:24:01Z,0
aiLab-2030/vphone-cli,main,behind,0,38,,feat/vphoned-modules-and-menus;swift-yyds,,2026-03-18T18:24:01Z,0
pole5tar/vphone-cli,main,behind,0,38,,feat/vphoned-modules-and-menus;swift-yyds,,2026-03-18T18:24:01Z,0
Shiho-Patch/vphone-cli,main,behind,0,38,,,,2026-03-18T18:24:01Z,0
chenshang3/vphone-cli,main,behind,0,38,,feat/vphoned-modules-and-menus;swift-yyds,,2026-03-18T18:24:01Z,0
NotGlitchy32/vphone-cli,main,behind,0,38,,,,2026-03-18T18:24:01Z,0
wudigod12/vphone-cli,main,behind,0,38,,feat/vphoned-modules-and-menus;swift-yyds,,2026-03-18T18:24:01Z,0
cgy-of-python/vphone-cli,main,behind,0,38,,,,2026-03-18T18:24:01Z,0
kairkiss/vphone-cli,main,behind,0,38,,feat/vphoned-modules-and-menus;swift-yyds,,2026-03-18T18:24:01Z,1
pingfanH/vphone-cli,main,behind,0,38,,feat/vphoned-modules-and-menus;swift-yyds,,2026-03-18T18:24:01Z,0
doskoi/vphone-cli,main,behind,0,37,,feat/vphoned-modules-and-menus;swift-yyds,,2026-04-02T01:05:20Z,0
affilares/vphone-cli,main,behind,0,38,,feat/vphoned-modules-and-menus;swift-yyds,,2026-03-18T18:24:01Z,0
ElvisJENSEN/vphone-cli,main,behind,0,31,,feat/vphoned-modules-and-menus;swift-yyds,,2026-04-05T03:49:19Z,0
EdwinKestler/vphone-cli,main,behind,0,38,,feat/vphoned-modules-and-menus;swift-yyds,,2026-03-18T18:24:01Z,0
beholy/vphone-cli,main,behind,0,38,,feat/vphoned-modules-and-menus;swift-yyds,,2026-03-18T18:24:01Z,0
RATING3PRO/vphone-cli,main,behind,0,38,,feat/vphoned-modules-and-menus;swift-yyds,,2026-03-18T18:24:01Z,0
mdparvezahmed/vphone-cli,main,behind,0,38,,feat/vphoned-modules-and-menus;swift-yyds,,2026-03-18T18:24:01Z,0
ntars/vphone,main,behind,0,38,,feat/vphoned-modules-and-menus;swift-yyds,,2026-03-18T18:24:01Z,0
sudoWright/vphone-cli,main,behind,0,38,,,,2026-03-18T18:24:01Z,0
wj8400684/vphone-cli,main,behind,0,38,,feat/vphoned-modules-and-menus;swift-yyds,,2026-03-18T18:24:01Z,0
aiyhome/vphone-cli,main,behind,0,38,,feat/vphoned-modules-and-menus;swift-yyds,,2026-03-18T18:24:01Z,0
BestialYang/vphone-cli-bak,main,behind,0,38,,feat/vphoned-modules-and-menus;swift-yyds,,2026-03-18T18:24:01Z,0
a582468113/vphone-cli,main,behind,0,38,,feat/vphoned-modules-and-menus;swift-yyds,,2026-03-18T18:24:01Z,0
icodesign/vphone-cli,main,behind,0,38,,feat/vphoned-modules-and-menus;swift-yyds,,2026-03-18T18:24:01Z,0
fanfan493/vphone-cli,main,behind,0,38,,feat/vphoned-modules-and-menus;swift-yyds,,2026-03-18T18:24:01Z,0
xqiljkxw/vphone-cli,main,behind,0,38,,,,2026-03-18T18:24:01Z,0
comicchang/vphone-cli,main,behind,0,38,,feat/vphoned-modules-and-menus;swift-yyds,,2026-03-18T18:24:01Z,0
uni7corn/vphone-cli,main,identical,0,0,,feat/vphoned-modules-and-menus;swift-yyds,,2026-04-30T13:52:36Z,0
hero-heilun/vphone-cli,main,behind,0,38,,feat/vphoned-modules-and-menus;swift-yyds,,2026-03-18T18:24:01Z,0
KhoraLee/vphone-cli,main,behind,0,38,,feat/vphoned-modules-and-menus;swift-yyds,,2026-03-18T18:24:01Z,0
kolal2020/vphone-cli,main,behind,0,38,,feat/vphoned-modules-and-menus;swift-yyds,,2026-03-18T18:24:01Z,0
balgron/vphone-cli,main,behind,0,38,,feat/vphoned-modules-and-menus;swift-yyds,,2026-03-18T18:24:01Z,0
WuDiTangYuan/vphone-cli,main,behind,0,38,,feat/vphoned-modules-and-menus;swift-yyds,,2026-03-18T18:24:01Z,0
yyb0813/vphone-cli,main,behind,0,38,,feat/vphoned-modules-and-menus;swift-yyds,,2026-03-18T18:24:01Z,0
leileigwl/vphone-cli,main,behind,0,38,,feat/vphoned-modules-and-menus;swift-yyds,,2026-03-18T18:24:01Z,0
Mu1337/vphone-cli,main,behind,0,38,,feat/vphoned-modules-and-menus;swift-yyds,,2026-03-18T18:24:01Z,0
demonnico/vphone-cli,main,behind,0,38,,,,2026-03-18T18:24:01Z,0
Hellmessage/vphone-cli,main,behind,0,38,,feat/vphoned-modules-and-menus;swift-yyds,,2026-03-18T18:24:01Z,0
renjiaandy/vphone-cli,main,behind,0,38,,feat/vphoned-modules-and-menus;swift-yyds,,2026-03-18T18:24:01Z,0
neoayi/vphone-cli,main,behind,0,38,,feat/vphoned-modules-and-menus;swift-yyds,,2026-03-18T18:24:01Z,0
iboytech/vphone-cli,main,behind,0,38,,feat/vphoned-modules-and-menus;swift-yyds,,2026-03-18T18:24:01Z,0
alxe-so-le/vphone-cli,main,behind,0,38,,feat/vphoned-modules-and-menus;swift-yyds,,2026-03-18T18:24:01Z,0
ylyking/vphone-cli,main,behind,0,38,,,,2026-03-18T18:24:01Z,0
108518/vphone-cli,main,behind,0,38,,feat/vphoned-modules-and-menus;swift-yyds,,2026-03-18T18:24:01Z,0
xorweak/vphone-cli,main,behind,0,38,,feat/vphoned-modules-and-menus;swift-yyds,,2026-03-18T18:24:01Z,0
longdabai-solo/vphone-cli,main,behind,0,38,feat/jb-test-suite;patches-jb,,,2026-03-31T20:48:37Z,0
H5Z2P5Z2P/vphone-cli,main,behind,0,38,,,,2026-03-18T18:24:01Z,0
sam1101-sys/vphone-cli,main,behind,0,38,,feat/vphoned-modules-and-menus;swift-yyds,,2026-03-18T18:24:01Z,0
bcpx/vphone-cli,main,behind,0,38,,,,2026-03-18T18:24:01Z,0
jiazhijun/vphone-cli,main,behind,0,38,,feat/vphoned-modules-and-menus;swift-yyds,,2026-03-18T18:24:01Z,0
bytebai920/vphone-cli,main,behind,0,38,,feat/vphoned-modules-and-menus;swift-yyds,,2026-03-18T18:24:01Z,0
lihuibng/vphone-cli,main,behind,0,38,,feat/vphoned-modules-and-menus;swift-yyds,,2026-03-18T18:24:01Z,0
mlaimie/vphone-cli,main,behind,0,38,,feat/vphoned-modules-and-menus;swift-yyds,,2026-03-18T18:24:01Z,0
jaeseolee/vphone-cli,main,behind,0,38,,feat/vphoned-modules-and-menus;swift-yyds,,2026-03-18T18:24:01Z,1
xuqian-liang/vphone-cli,main,behind,0,38,,feat/vphoned-modules-and-menus;swift-yyds,,2026-03-18T18:24:01Z,0
mayJ233/vphone-cli,main,behind,0,38,,,,2026-03-18T18:24:01Z,0
hebzsm/vphone-cli,main,behind,0,38,,,,2026-03-18T18:24:01Z,0
Deeer/vphone-cli,main,behind,0,38,,feat/vphoned-modules-and-menus;swift-yyds,,2026-03-18T18:24:01Z,0
MTMTLL/vphone-cli,main,behind,0,38,,feat/vphoned-modules-and-menus;swift-yyds,,2026-03-18T18:24:01Z,0
sup798/vphone-cli,main,behind,0,38,,feat/vphoned-modules-and-menus;swift-yyds,,2026-03-18T18:24:01Z,0
vaibhavjnf/vphone-cli,main,behind,0,38,,feat/vphoned-modules-and-menus;swift-yyds,,2026-03-18T18:24:01Z,0
etfriedman/vphone-cli,main,behind,0,38,,feat/vphoned-modules-and-menus;swift-yyds,,2026-03-18T18:24:01Z,0
0xroot-bf/vphone-cli,main,behind,0,39,,feat/vphoned-modules-and-menus;swift-yyds,,2026-03-18T02:49:19Z,0
forkgitss/Lakr233-vphone-cli,main,behind,0,39,,,,2026-03-18T02:49:19Z,0
lifeissocool/vphone-cli,main,behind,0,39,,feat/vphoned-modules-and-menus;swift-yyds,,2026-03-18T02:49:19Z,0
programming086/vphone-cli,main,behind,0,16,,feat/vphoned-modules-and-menus;swift-yyds,,2026-04-15T17:57:04Z,0
leo-web3/vphone-cli,main,behind,0,39,,feat/vphoned-modules-and-menus;swift-yyds,,2026-03-18T02:49:19Z,0
jsj/vphone-cli,main,behind,0,41,jsj/ipa-install-cli,feat/vphoned-modules-and-menus;swift-yyds,,2026-03-18T00:56:12Z,0
thebestbradley/vphone-cli,main,behind,0,41,,feat/vphoned-modules-and-menus;swift-yyds,,2026-03-17T09:31:34Z,0
cyberhawk01/vphone-cli,main,behind,0,41,,feat/vphoned-modules-and-menus;swift-yyds,,2026-03-17T09:31:34Z,0
hurrypass/vphone-cli,main,behind,0,41,,feat/vphoned-modules-and-menus;swift-yyds,,2026-03-17T09:31:34Z,0
WHW0x455/vphone-cli,main,behind,0,43,,feat/vphoned-modules-and-menus;swift-yyds,,2026-03-15T16:40:18Z,0
alistard/vphone-cli,main,behind,0,43,,feat/vphoned-modules-and-menus;swift-yyds,,2026-03-15T16:40:18Z,0
feng520ckx/vphone-cli,main,behind,0,43,,feat/vphoned-modules-and-menus;swift-yyds,,2026-03-15T16:40:18Z,0
Arbifoxx/vphone-cli,main,diverged,4,43,,feat/vphoned-modules-and-menus;swift-yyds,,2026-03-17T02:39:27Z,0
meerkatone/vphone-cli,main,behind,0,5,,feat/vphoned-modules-and-menus;swift-yyds,,2026-04-25T07:53:45Z,0
gongjl/vphone-cli,main,behind,0,43,,feat/vphoned-modules-and-menus;swift-yyds,,2026-03-15T16:40:18Z,0
shunliang/vphone-cli,main,behind,0,43,,feat/vphoned-modules-and-menus;swift-yyds,,2026-03-15T16:40:18Z,0
NikoXu/vphone-cli,main,behind,0,43,,feat/vphoned-modules-and-menus;swift-yyds,,2026-03-15T16:40:18Z,0
molnija/vphone-cli,main,behind,0,43,,,,2026-03-15T16:40:18Z,0
Zzzer0o/vphone-cli,main,behind,0,43,,feat/vphoned-modules-and-menus;swift-yyds,,2026-03-15T16:40:18Z,0
tosbaha/vphone-cli,main,behind,0,46,fix-bootargs,,,2026-03-15T14:58:06Z,0
CasperOng/vphone-cli,main,diverged,12,43,zh-HK-Docs,feat/vphoned-modules-and-menus;swift-yyds,,2026-03-16T01:09:20Z,0
meikis/vphone-cli,main,behind,0,47,,,,2026-03-15T07:59:42Z,0
nullcult/vphone-cli,main,behind,0,47,,feat/vphoned-modules-and-menus;swift-yyds,,2026-03-15T07:59:42Z,0
imbilly88/vphone-cli,main,behind,0,47,,feat/vphoned-modules-and-menus;swift-yyds,,2026-03-15T07:59:42Z,0
Roboppi/vphone-cli,main,behind,0,49,,feat/vphoned-modules-and-menus;swift-yyds,,2026-03-14T16:40:42Z,0
davidwang1953/vphone-cli,main,behind,0,43,,,,2026-03-17T07:06:43Z,0
WalkerWolf/vphone-cli,main,behind,0,49,,feat/vphoned-modules-and-menus;swift-yyds,,2026-03-14T16:40:42Z,1
svcvit/vphone-cli,main,behind,0,53,,feat/vphoned-modules-and-menus;swift-yyds,,2026-03-14T03:48:19Z,0
idkmaybedeveloper/vphone-cli,main,diverged,2,49,,feat/vphoned-modules-and-menus;swift-yyds,,2026-03-14T19:00:41Z,0
chanpu9/vphone-cli,main,behind,0,53,,feat/vphoned-modules-and-menus;swift-yyds,,2026-03-14T03:48:19Z,0
ThankVinci/vphone-cli,main,behind,0,54,,feat/vphoned-modules-and-menus;swift-yyds,,2026-03-13T13:16:40Z,0
tageniu/vphone-cli,main,behind,0,39,,feat/vphoned-modules-and-menus;swift-yyds,,2026-03-18T16:39:51Z,0
YuXilong-Labs/vphone-cli,main,behind,0,54,,feat/vphoned-modules-and-menus;swift-yyds,,2026-03-13T13:16:40Z,0
Jiang1756/vphone-cli,main,behind,0,55,,feat/vphoned-modules-and-menus;swift-yyds,,2026-03-13T02:16:40Z,0
hizhangbo/vphone-cli,main,behind,0,38,,feat/vphoned-modules-and-menus;swift-yyds,,2026-03-24T09:41:18Z,0
zgos/vphone-cli,main,behind,0,57,,,,2026-03-12T12:27:10Z,0
xVllad/vphone-cli,main,diverged,2,38,develop,feat/vphoned-modules-and-menus;swift-yyds,,2026-04-06T08:57:40Z,0
TBWXY777/vphone-cli,main,behind,0,57,,feat/vphoned-modules-and-menus;swift-yyds,,2026-03-12T05:52:19Z,0
fuckbay/vphone-cli,main,behind,0,57,,feat/vphoned-modules-and-menus;swift-yyds,,2026-03-12T05:52:19Z,0
jiachensun/vphone-cli,main,behind,0,57,,feat/vphoned-modules-and-menus;swift-yyds,,2026-03-12T05:52:19Z,0
lavavex/vphone-cli,main,behind,0,62,patch-1,swift-yyds,,2026-03-12T02:44:06Z,0
butterflyhack/vphone-cli,main,behind,0,62,,feat/vphoned-modules-and-menus;swift-yyds,,2026-03-11T15:10:17Z,0
thanghm1698/vphone-cli,main,behind,0,62,,feat/vphoned-modules-and-menus;swift-yyds,,2026-03-11T15:10:17Z,0
mepeek/vphone-cli,main,behind,0,63,,feat/vphoned-modules-and-menus;swift-yyds,,2026-03-11T07:33:19Z,0
MidSpring-1/vphone-cli,main,behind,0,63,,feat/vphoned-modules-and-menus;swift-yyds,,2026-03-11T07:33:19Z,0
pavelBuzdanov/vphone-cli,main,behind,0,43,,feat/vphoned-modules-and-menus;swift-yyds,,2026-03-16T10:17:21Z,0
fateblessme/vphone-cli,main,behind,0,63,,swift-yyds,,2026-03-11T07:33:19Z,0
hungcuongvt90/vphone-cli,main,diverged,11,68,,swift-yyds,,2026-03-11T05:30:30Z,0
liboheng/vphone-cli,main,behind,0,69,,feat/vphoned-modules-and-menus;swift-yyds,,2026-03-10T17:15:30Z,0
hieptranqnu/vphone-cli,main,behind,0,69,,feat/vphoned-modules-and-menus;swift-yyds,,2026-03-10T17:15:30Z,0
ihgr34/vphone-cli,main,behind,0,2,,feat/vphoned-modules-and-menus;swift-yyds,,2026-04-28T10:29:05Z,0
matteozappia/vphone-cli,main,diverged,4,53,,feat/vphoned-modules-and-menus;swift-yyds,,2026-03-14T14:04:05Z,1
fyfyfy982/vphone-cli,main,behind,0,69,,feat/vphoned-modules-and-menus;swift-yyds,,2026-03-10T17:15:30Z,0
supahfox/vphone-cli,main,diverged,2,69,,feat/vphoned-modules-and-menus;swift-yyds,,2026-03-11T03:07:16Z,0
itsmylife44/vphone-cli,main,behind,0,69,fix/vphoned-source-list,swift-yyds,,2026-03-10T20:34:47Z,0
expvn/vphone-cli,main,behind,0,69,,feat/vphoned-modules-and-menus;swift-yyds,,2026-03-10T17:15:30Z,0
skysilence/vphone-cli,main,behind,0,69,,feat/vphoned-modules-and-menus;swift-yyds,,2026-03-10T17:15:30Z,0
duongvanthai/vphone-cli,main,behind,0,72,,feat/vphoned-modules-and-menus;swift-yyds,,2026-03-10T15:39:17Z,0
joshuaseltzer/vphone-cli,main,behind,0,63,,feat/vphoned-modules-and-menus;swift-yyds,,2026-03-11T09:47:59Z,0
tinle1986/vphone-cli,main,behind,0,72,,feat/vphoned-modules-and-menus;swift-yyds,,2026-03-10T15:39:17Z,0
qqizai/vphone-cli,main,behind,0,72,,swift-yyds,,2026-03-10T15:02:59Z,0
EsenkayShady/vphone-cli,main,behind,0,74,,feat/vphoned-modules-and-menus;swift-yyds,,2026-03-10T11:21:11Z,0
saltpi/vphone-cli,main,behind,0,74,bugfix/platform-fusing-none-error;feat/dock-app-icon,swift-yyds,,2026-03-10T15:10:27Z,0
HRX6666/vphone-cli,main,behind,0,74,,feat/vphoned-modules-and-menus;swift-yyds,,2026-03-10T10:30:01Z,0
F0RCEDENTRY/vphone-cli,main,behind,0,53,,feat/vphoned-modules-and-menus;swift-yyds,,2026-03-14T16:39:55Z,0
BadException/vphone-cli,main,diverged,3,76,,feat/vphoned-modules-and-menus;swift-yyds,,2026-03-10T06:46:36Z,0
gs-residential/vphone-cli,main,diverged,3,76,develop;develop_vlad,feat/vphoned-modules-and-menus;swift-yyds,,2026-03-12T10:56:19Z,0
SpeedySenseLTD/vphone-cli,main,diverged,3,76,,feat/vphoned-modules-and-menus;swift-yyds,,2026-03-10T06:46:36Z,0
emdnaia/vphone-cli,main,diverged,3,76,,feat/vphoned-modules-and-menus;swift-yyds,,2026-03-10T06:46:36Z,0
liangguoqiang/vphone-cli,main,behind,0,76,,feat/vphoned-modules-and-menus;swift-yyds,,2026-03-10T04:16:51Z,0
oi-tomato/vphone-cli,main,behind,0,76,,feat/vphoned-modules-and-menus;swift-yyds,,2026-03-10T04:16:51Z,0
0xFA709394/vphone-cli,main,behind,0,76,,feat/vphoned-modules-and-menus;swift-yyds,,2026-03-10T04:16:51Z,0
WeToolX/vphone-cli,main,behind,0,76,,feat/vphoned-modules-and-menus;swift-yyds,,2026-03-10T04:16:51Z,0
vanhvungve/vphone-cli,main,behind,0,80,,feat/vphoned-modules-and-menus;swift-yyds,,2026-03-09T18:52:21Z,0
sarinex/vphone-cli,main,behind,0,80,,feat/vphoned-modules-and-menus;swift-yyds,,2026-03-09T18:52:21Z,0
wangchuanlai/vphone-cli,main,behind,0,80,,feat/vphoned-modules-and-menus;swift-yyds,,2026-03-09T18:52:21Z,0
gxfc389/vphone-cli,main,behind,0,81,,feat/vphoned-modules-and-menus;swift-yyds,,2026-03-09T16:55:43Z,0
yaaynn/vphone-cli,main,behind,0,49,,feat/vphoned-modules-and-menus;swift-yyds,,2026-03-15T02:47:47Z,0
0xc4b4l/vphone-cli,main,behind,0,83,,feat/vphoned-modules-and-menus;swift-yyds,,2026-03-09T05:40:27Z,0
qa-majeed/qa-vphone-cli,main,behind,0,83,,feat/vphoned-modules-and-menus;swift-yyds,,2026-03-09T05:40:27Z,0
starainDou/vphone-cli,main,behind,0,83,,feat/vphoned-modules-and-menus;swift-yyds,,2026-03-09T05:40:27Z,0
p1tsi/vphone-cli,main,behind,0,83,,feat/vphoned-modules-and-menus;swift-yyds,,2026-03-09T05:40:27Z,0
aaatechx/vphone-cli,main,behind,0,83,,feat/vphoned-modules-and-menus;swift-yyds,,2026-03-09T05:40:27Z,0
Sludvix/vphone-cli,main,behind,0,83,,feat/vphoned-modules-and-menus;swift-yyds,,2026-03-09T05:40:27Z,0
Passw/Lakr233-vphone-cli,main,behind,0,85,,feat/vphoned-modules-and-menus;swift-yyds,,2026-03-08T17:17:20Z,0
JasonYHZ/vphone-cli,main,behind,0,85,,feat/vphoned-modules-and-menus;swift-yyds,,2026-03-08T17:17:20Z,0
Gh0st-Saturday/vphone-cli,main,behind,0,85,,feat/vphoned-modules-and-menus;swift-yyds,,2026-03-08T17:17:20Z,0
s22333/vphone-cli,main,behind,0,85,,feat/vphoned-modules-and-menus;swift-yyds,,2026-03-08T17:17:20Z,0
Annihilater/vphone-cli,main,behind,0,85,,feat/vphoned-modules-and-menus;swift-yyds,,2026-03-08T17:17:20Z,0
miaachan/vphone-cli,main,behind,0,85,,feat/vphoned-modules-and-menus;swift-yyds,,2026-03-08T17:17:20Z,0
inused/vphone-cli,main,behind,0,87,,feat/vphoned-modules-and-menus;swift-yyds,,2026-03-08T14:59:46Z,0
hidn/vphone-cli,main,behind,0,87,,feat/vphoned-modules-and-menus;swift-yyds,,2026-03-08T14:59:46Z,0
hugeBlack/vphone-cli,main,behind,0,55,,feat/vphoned-modules-and-menus;swift-yyds,,2026-03-13T08:28:50Z,1
CyberPolaris/vphone-cli,main,behind,0,89,,feat/vphoned-modules-and-menus;swift-yyds,,2026-03-08T12:36:40Z,0
Samuel-41/vphone-cli,main,behind,0,90,,feat/vphoned-modules-and-menus;swift-yyds,,2026-03-08T07:30:04Z,0
lijiejoy/vphone-cli,main,behind,0,90,,feat/vphoned-modules-and-menus;swift-yyds,,2026-03-08T07:30:04Z,0
R3zk0n/vphone-cli,main,diverged,26,19,feature/keychain_browser;keychain-browser,feat/vphoned-modules-and-menus;swift-yyds,,2026-04-10T06:22:02Z,1
Bugra2426/vphone-cli,main,behind,0,90,,feat/vphoned-modules-and-menus;swift-yyds,,2026-03-08T07:30:04Z,0
copialot/vphone-cli,main,behind,0,90,dev,feat/vphoned-modules-and-menus;swift-yyds,,2026-03-08T15:20:32Z,0
yingshadow12/Lakr233.vphone-cli,main,behind,0,91,,feat/vphoned-modules-and-menus;swift-yyds,,2026-03-08T05:25:59Z,0
HHengLL/vphone-cli,main,behind,0,91,,feat/vphoned-modules-and-menus;swift-yyds,,2026-03-08T05:25:59Z,0
lucky95270/vphone-cli,main,behind,0,94,,feat/vphoned-modules-and-menus;swift-yyds,,2026-03-08T05:01:50Z,0
mmilleror/vphone-cli,main,behind,0,97,,feat/vphoned-modules-and-menus;swift-yyds,,2026-03-07T18:30:12Z,0
havonz/vphone-cli,main,identical,0,0,,feat/vphoned-modules-and-menus;swift-yyds,,2026-05-01T16:24:56Z,0
xiapupu/vphone-cli,main,behind,0,97,,feat/vphoned-modules-and-menus;swift-yyds,,2026-03-07T18:30:12Z,0
daddyRay0804/vphone-cli,main,behind,0,97,,feat/vphoned-modules-and-menus;swift-yyds,,2026-03-07T18:30:12Z,0
BiBoyang/vphone-cli,main,behind,0,97,,feat/vphoned-modules-and-menus;swift-yyds,,2026-03-07T18:30:12Z,0
everettjf/vphone-cli,main,behind,0,97,,feat/vphoned-modules-and-menus;swift-yyds,,2026-03-07T18:30:12Z,0
kevinlzh1108/vphone-cli,main,behind,0,107,,feat/vphoned-modules-and-menus;swift-yyds,,2026-03-07T15:11:45Z,0
GYLover/vphone-cli,main,behind,0,115,,feat/vphoned-modules-and-menus;swift-yyds,,2026-03-07T12:19:38Z,0
GeoSyntax/vphone-cli,main,behind,0,115,,feat/vphoned-modules-and-menus;swift-yyds,,2026-03-07T12:19:38Z,0
buyersystem/vphone-cli3,main,,,,,feat/vphoned-modules-and-menus;swift-yyds,"{""message"":""No common ancestor between main and buyersystem:main."",""documentation_url"":""https://docs.github.com/rest/commits/commits#compare-two-commits"",""status"":""404""}",2026-04-24T14:38:31Z,0
L-xia-C/vphone-cli,main,behind,0,115,,feat/vphoned-modules-and-menus;swift-yyds,,2026-03-07T12:19:38Z,0
lbr77/vphone-cli,main,behind,0,76,,feat/vphoned-modules-and-menus;swift-yyds,,2026-03-10T05:31:14Z,0
qiaozirui/vphone-cli,main,behind,0,115,,feat/vphoned-modules-and-menus;swift-yyds,,2026-03-07T12:19:38Z,0
YorkOrz/vphone-cli,main,behind,0,115,,feat/vphoned-modules-and-menus;swift-yyds,,2026-03-07T12:19:38Z,0
zjkkzk/vphone-cli,main,behind,0,18,,feat/vphoned-modules-and-menus;swift-yyds,,2026-04-13T23:37:11Z,0
yuniancong/vphone-cli,main,diverged,97,212,,feat/vphoned-modules-and-menus;swift-yyds,,2026-03-07T12:18:17Z,0
155TuT/vphone-cli,main,behind,0,5,,feat/vphoned-modules-and-menus;swift-yyds,,2026-04-24T12:49:55Z,0
BiggerMax/vphone-cli,main,diverged,80,212,,feat/vphoned-modules-and-menus;swift-yyds,,2026-03-06T18:10:36Z,0
impost0r/vphone-cli,main,diverged,80,212,,feat/vphoned-modules-and-menus;swift-yyds,,2026-03-06T16:13:53Z,0
1ookup/vphone-cli,main,diverged,80,212,,feat/vphoned-modules-and-menus;swift-yyds,,2026-03-06T15:24:35Z,0
firstfu/vphone-cli,main,diverged,78,212,,feat/vphoned-modules-and-menus;swift-yyds,,2026-03-06T13:34:15Z,0
frelixir/vphone-cli,main,behind,0,16,iunctqwiocmfxhigkcunamxoi,feat/vphoned-modules-and-menus;swift-yyds,,2026-04-15T13:56:06Z,0
orange4664/vphone-cli,main,diverged,77,212,,feat/vphoned-modules-and-menus;swift-yyds,,2026-03-06T10:38:15Z,0
hancens1024/vphone-cli,main,diverged,77,212,,feat/vphoned-modules-and-menus;swift-yyds,,2026-03-06T10:21:09Z,0
JohnyLisir/vphone-cli,main,diverged,77,212,,feat/vphoned-modules-and-menus;swift-yyds,,2026-03-06T08:14:54Z,0
crrow/vphone-cli,main,diverged,77,212,,feat/vphoned-modules-and-menus;swift-yyds,,2026-03-06T06:55:22Z,0
jenkins5/vphone-cli,main,diverged,67,212,imgbot,feat/vphoned-modules-and-menus;swift-yyds,,2026-03-06T02:24:27Z,0
hyben/vphone-cli,main,diverged,67,212,,feat/vphoned-modules-and-menus;swift-yyds,,2026-03-05T19:53:07Z,0
raulsaeed/vphone-cli,main,diverged,67,212,copilot/modify-makefile-setup-machine,feat/vphoned-modules-and-menus;swift-yyds,,2026-03-05T19:53:07Z,0
yeraldinm/vphone-cli,main,diverged,63,212,codex/issue-29-ipa-sideload;codex/issue-29-ipa-sideload-v2;startup-hang-fix,feat/vphoned-modules-and-menus;swift-yyds,,2026-03-05T17:38:25Z,0
derainzhou/vphone-cli,main,diverged,61,212,,feat/vphoned-modules-and-menus;swift-yyds,,2026-03-05T16:00:22Z,0
fedoradeath-tech/vphone-cli,main,diverged,60,212,,feat/vphoned-modules-and-menus;swift-yyds,,2026-03-05T15:07:11Z,0
0x8AA8/vphone-cli,main,diverged,60,212,startup-hang-fix,feat/vphoned-modules-and-menus;swift-yyds,,2026-03-05T13:10:41Z,0
zhangshijun55/vphone-cli,main,diverged,60,212,,feat/vphoned-modules-and-menus;swift-yyds,,2026-03-05T10:36:36Z,0
qianbingzhen/vphone-cli,main,diverged,60,212,,feat/vphoned-modules-and-menus;swift-yyds,,2026-03-05T10:36:36Z,0
geowoden/vphone-cli,main,diverged,58,212,startup-hang-fix,feat/vphoned-modules-and-menus;swift-yyds,,2026-03-05T03:15:50Z,0
xxoocoder/vphone-cli,main,diverged,58,212,,feat/vphoned-modules-and-menus;swift-yyds,,2026-03-05T03:15:50Z,0
hyl946/vphone-cli,main,diverged,58,212,startup-hang-fix,feat/vphoned-modules-and-menus;swift-yyds,,2026-03-05T03:15:50Z,0
LBBanner/vphone-cli,main,diverged,58,212,,feat/vphoned-modules-and-menus;swift-yyds,,2026-03-05T03:15:50Z,0
chanrock/vphone-cli,main,diverged,58,212,,feat/vphoned-modules-and-menus;swift-yyds,,2026-03-05T02:24:30Z,0
wxy0118/vphone-cli,main,diverged,53,212,,feat/vphoned-modules-and-menus;swift-yyds,,2026-03-04T19:48:39Z,0
felipejfc/vphone-cli,main,diverged,3,97,add-tweakloader;fix/trollstore-lite-install-failure;fw-prepare-auto-cloudos;fw-prepare-firmware-selection;sileo-ipa-fixes,feat/vphoned-modules-and-menus;swift-yyds,,2026-03-19T01:45:04Z,0
xixe0n/vphone-cli,main,diverged,46,212,,feat/vphoned-modules-and-menus;swift-yyds,,2026-03-04T17:59:09Z,0
xcxmiku/vphone-cli,main,diverged,80,212,feature/battery-simulation;feature/private-display-recorder,feat/vphoned-modules-and-menus;swift-yyds,,2026-03-07T07:31:25Z,0
xiaogdgenuine/vphone-cli,main,diverged,31,212,,feat/vphoned-modules-and-menus;swift-yyds,,2026-03-04T13:21:35Z,0
leosgm2023-bot/vphone-cli,main,diverged,15,212,,feat/vphoned-modules-and-menus;swift-yyds,,2026-03-04T12:43:04Z,0
xjeway/vphone-cli,main,diverged,15,212,,feat/vphoned-modules-and-menus;swift-yyds,,2026-03-04T12:08:07Z,0
Blueblueblue360/vphone-cli,main,behind,0,38,,feat/vphoned-modules-and-menus;swift-yyds,,2026-03-20T09:29:12Z,0
pandajoy/vphone-cli,main,diverged,12,212,,feat/vphoned-modules-and-menus;swift-yyds,,2026-03-04T10:56:09Z,0
ios-virtualization/vphone-cli,main,diverged,11,212,,feat/vphoned-modules-and-menus;swift-yyds,,2026-03-04T10:29:27Z,0
JunGe-Y/vphone-cli,main,diverged,16,68,,feat/vphoned-modules-and-menus;swift-yyds,,2026-03-11T05:47:44Z,1
RealForce1024/vphone-cli,main,diverged,4,212,,feat/vphoned-modules-and-menus;swift-yyds,,2026-03-04T09:28:13Z,0
kuangruan/vphone-cli,main,diverged,3,212,,feat/vphoned-modules-and-menus;swift-yyds,,2026-03-04T08:10:56Z,0
dxd214/vphone-cli,main,diverged,3,212,,feat/vphoned-modules-and-menus;swift-yyds,,2026-03-04T08:10:56Z,0
SullivanLin/vphone-cli,main,diverged,3,212,,feat/vphoned-modules-and-menus;swift-yyds,,2026-03-04T08:10:56Z,0
LokiXue/vphone-cli,main,diverged,3,212,,feat/vphoned-modules-and-menus;swift-yyds,,2026-03-04T08:10:56Z,0
Re13orn/vphone-cli,main,diverged,3,212,,feat/vphoned-modules-and-menus;swift-yyds,,2026-03-04T08:10:56Z,0
usernamx42/vphone-cli,main,diverged,3,212,,feat/vphoned-modules-and-menus;swift-yyds,,2026-03-04T08:10:56Z,0
buyersystem/vphone-cli2,main,,,,,feat/vphoned-modules-and-menus;swift-yyds,"{""message"":""No common ancestor between main and buyersystem:main."",""documentation_url"":""https://docs.github.com/rest/commits/commits#compare-two-commits"",""status"":""404""}",2026-03-06T05:51:01Z,0
capslock199299/vphone-cli,main,diverged,3,212,,feat/vphoned-modules-and-menus;swift-yyds,,2026-03-04T08:05:18Z,0
ygage737/vphone-cli,main,,,,,feat/vphoned-modules-and-menus;swift-yyds,"{""message"":""No common ancestor between main and ygage737:main."",""documentation_url"":""https://docs.github.com/rest/commits/commits#compare-two-commits"",""status"":""404""}",2026-03-04T07:01:36Z,0
Steve-China/vphone-cli,main,,,,,feat/vphoned-modules-and-menus;swift-yyds,"{""message"":""No common ancestor between main and Steve-China:main."",""documentation_url"":""https://docs.github.com/rest/commits/commits#compare-two-commits"",""status"":""404""}",2026-03-03T05:13:54Z,0
gysf666/vphone-cli,main,,,,,feat/vphoned-modules-and-menus;swift-yyds,"{""message"":""No common ancestor between main and gysf666:main."",""documentation_url"":""https://docs.github.com/rest/commits/commits#compare-two-commits"",""status"":""404""}",2026-03-03T05:13:54Z,0
caozhaoqi/vphone-cli,main,diverged,3,76,,feat/vphoned-modules-and-menus;swift-yyds,,2026-03-10T08:05:46Z,0
Ltsparten88/vphone-cli,main,,,,patches_jb_wip,feat/vphoned-modules-and-menus;swift-yyds,"{""message"":""No common ancestor between main and Ltsparten88:main."",""documentation_url"":""https://docs.github.com/rest/commits/commits#compare-two-commits"",""status"":""404""}",2026-03-03T05:13:54Z,0
JJrexWang/vphone-cli,main,,,,,feat/vphoned-modules-and-menus;swift-yyds,"{""message"":""No common ancestor between main and JJrexWang:main."",""documentation_url"":""https://docs.github.com/rest/commits/commits#compare-two-commits"",""status"":""404""}",2026-03-03T05:13:54Z,0
chr0x6eos/vphone-cli,main,,,,,feat/vphoned-modules-and-menus;swift-yyds,"{""message"":""No common ancestor between main and chr0x6eos:main."",""documentation_url"":""https://docs.github.com/rest/commits/commits#compare-two-commits"",""status"":""404""}",2026-03-03T05:13:54Z,0
heianxing/vphone-cli,main,,,,,feat/vphoned-modules-and-menus;swift-yyds,"{""message"":""No common ancestor between main and heianxing:main."",""documentation_url"":""https://docs.github.com/rest/commits/commits#compare-two-commits"",""status"":""404""}",2026-03-03T05:13:54Z,0
mauroprojetos/vphone-cli,main,,,,,feat/vphoned-modules-and-menus;swift-yyds,"{""message"":""No common ancestor between main and mauroprojetos:main."",""documentation_url"":""https://docs.github.com/rest/commits/commits#compare-two-commits"",""status"":""404""}",2026-03-03T05:13:54Z,0
zueshk/vphone-cli,main,,,,,feat/vphoned-modules-and-menus;swift-yyds,"{""message"":""No common ancestor between main and zueshk:main."",""documentation_url"":""https://docs.github.com/rest/commits/commits#compare-two-commits"",""status"":""404""}",2026-03-03T05:13:54Z,0
wdlq/vphone-cli,main,,,,patches_jb_wip,feat/vphoned-modules-and-menus;swift-yyds,"{""message"":""No common ancestor between main and wdlq:main."",""documentation_url"":""https://docs.github.com/rest/commits/commits#compare-two-commits"",""status"":""404""}",2026-03-03T05:13:54Z,0
gzz2000/vphone-cli,main,,,,,feat/vphoned-modules-and-menus;swift-yyds,"{""message"":""No common ancestor between main and gzz2000:main."",""documentation_url"":""https://docs.github.com/rest/commits/commits#compare-two-commits"",""status"":""404""}",2026-03-03T12:20:30Z,0
CNKCQ/vphone-cli,main,,,,patches_jb_wip,feat/vphoned-modules-and-menus;swift-yyds,"{""message"":""No common ancestor between main and CNKCQ:main."",""documentation_url"":""https://docs.github.com/rest/commits/commits#compare-two-commits"",""status"":""404""}",2026-03-03T05:13:54Z,0
xiaoyue2019/vphone-cli,main,,,,,feat/vphoned-modules-and-menus;swift-yyds,"{""message"":""No common ancestor between main and xiaoyue2019:main."",""documentation_url"":""https://docs.github.com/rest/commits/commits#compare-two-commits"",""status"":""404""}",2026-03-03T05:13:54Z,0
unixdock/vphone-cli,main,,,,,feat/vphoned-modules-and-menus;swift-yyds,"{""message"":""No common ancestor between main and unixdock:main."",""documentation_url"":""https://docs.github.com/rest/commits/commits#compare-two-commits"",""status"":""404""}",2026-03-03T05:13:54Z,0
beck-8/vphone-cli,main,,,,check/xcode-ios-sdk,feat/vphoned-modules-and-menus;swift-yyds,"{""message"":""No common ancestor between main and beck-8:main."",""documentation_url"":""https://docs.github.com/rest/commits/commits#compare-two-commits"",""status"":""404""}",2026-03-03T10:40:13Z,0
iEngne/vphone-cli,main,,,,,feat/vphoned-modules-and-menus;swift-yyds,"{""message"":""No common ancestor between main and iEngne:main."",""documentation_url"":""https://docs.github.com/rest/commits/commits#compare-two-commits"",""status"":""404""}",2026-03-03T05:13:54Z,0
MNman/vphone-cli,main,,,,,feat/vphoned-modules-and-menus;swift-yyds,"{""message"":""No common ancestor between main and MNman:main."",""documentation_url"":""https://docs.github.com/rest/commits/commits#compare-two-commits"",""status"":""404""}",2026-03-03T05:13:54Z,0
marcialpaulg/vphone-cli,main,,,,patches_jb_wip,feat/vphoned-modules-and-menus;swift-yyds,"{""message"":""No common ancestor between main and marcialpaulg:main."",""documentation_url"":""https://docs.github.com/rest/commits/commits#compare-two-commits"",""status"":""404""}",2026-03-03T05:13:54Z,0
Me9ur1/vphone-cli,main,,,,,feat/vphoned-modules-and-menus;swift-yyds,"{""message"":""No common ancestor between main and Me9ur1:main."",""documentation_url"":""https://docs.github.com/rest/commits/commits#compare-two-commits"",""status"":""404""}",2026-03-03T05:13:54Z,0
misaka14/vphone-cli,main,,,,,feat/vphoned-modules-and-menus;swift-yyds,"{""message"":""No common ancestor between main and misaka14:main."",""documentation_url"":""https://docs.github.com/rest/commits/commits#compare-two-commits"",""status"":""404""}",2026-03-03T05:13:54Z,0
midmirror/vphone-cli,main,behind,0,63,installa_ipa_cli,feat/vphoned-modules-and-menus;swift-yyds,,2026-03-11T11:43:40Z,0
chdwql/vphone-cli,main,,,,,feat/vphoned-modules-and-menus;swift-yyds,"{""message"":""No common ancestor between main and chdwql:main."",""documentation_url"":""https://docs.github.com/rest/commits/commits#compare-two-commits"",""status"":""404""}",2026-03-03T05:13:54Z,0
GuangYiDing/vphone-cli,main,,,,,feat/vphoned-modules-and-menus;swift-yyds,"{""message"":""No common ancestor between main and GuangYiDing:main."",""documentation_url"":""https://docs.github.com/rest/commits/commits#compare-two-commits"",""status"":""404""}",2026-03-03T05:13:54Z,0
howe/vphone-cli,main,,,,,feat/vphoned-modules-and-menus;swift-yyds,"{""message"":""No common ancestor between main and howe:main."",""documentation_url"":""https://docs.github.com/rest/commits/commits#compare-two-commits"",""status"":""404""}",2026-03-03T05:13:54Z,0
wwy99/vphone-cli,main,,,,,feat/vphoned-modules-and-menus;swift-yyds,"{""message"":""No common ancestor between main and wwy99:main."",""documentation_url"":""https://docs.github.com/rest/commits/commits#compare-two-commits"",""status"":""404""}",2026-03-03T05:13:54Z,0
Chen5173/vphone-cli,main,,,,,feat/vphoned-modules-and-menus;swift-yyds,"{""message"":""No common ancestor between main and Chen5173:main."",""documentation_url"":""https://docs.github.com/rest/commits/commits#compare-two-commits"",""status"":""404""}",2026-03-03T05:13:54Z,0
wbcyclist/vphone-cli,main,,,,,feat/vphoned-modules-and-menus;swift-yyds,"{""message"":""No common ancestor between main and wbcyclist:main."",""documentation_url"":""https://docs.github.com/rest/commits/commits#compare-two-commits"",""status"":""404""}",2026-03-03T05:13:54Z,0
wh1te4ever/vphone-cli,main,,,,,feat/vphoned-modules-and-menus;swift-yyds,"{""message"":""No common ancestor between main and wh1te4ever:main."",""documentation_url"":""https://docs.github.com/rest/commits/commits#compare-two-commits"",""status"":""404""}",2026-03-03T08:20:15Z,13
dkrhodes/vphone-cli,main,,,,,feat/vphoned-modules-and-menus;swift-yyds,"{""message"":""No common ancestor between main and dkrhodes:main."",""documentation_url"":""https://docs.github.com/rest/commits/commits#compare-two-commits"",""status"":""404""}",2026-03-03T05:13:54Z,0
vvthien/vphone-cli,main,,,,,feat/vphoned-modules-and-menus;swift-yyds,"{""message"":""No common ancestor between main and vvthien:main."",""documentation_url"":""https://docs.github.com/rest/commits/commits#compare-two-commits"",""status"":""404""}",2026-03-03T05:13:54Z,0
cobject2014/vphone-cli,main,,,,,feat/vphoned-modules-and-menus;swift-yyds,"{""message"":""No common ancestor between main and cobject2014:main."",""documentation_url"":""https://docs.github.com/rest/commits/commits#compare-two-commits"",""status"":""404""}",2026-03-03T05:13:54Z,0
eyaeya/vphone-cli,main,,,,,feat/vphoned-modules-and-menus;swift-yyds,"{""message"":""No common ancestor between main and eyaeya:main."",""documentation_url"":""https://docs.github.com/rest/commits/commits#compare-two-commits"",""status"":""404""}",2026-03-03T05:13:54Z,0
xiaozhejjj/vphone-cli,main,,,,,feat/vphoned-modules-and-menus;swift-yyds,"{""message"":""No common ancestor between main and xiaozhejjj:main."",""documentation_url"":""https://docs.github.com/rest/commits/commits#compare-two-commits"",""status"":""404""}",2026-03-03T05:13:54Z,0
tjhz789/vphone-cli,main,,,,,feat/vphoned-modules-and-menus;swift-yyds,"{""message"":""No common ancestor between main and tjhz789:main."",""documentation_url"":""https://docs.github.com/rest/commits/commits#compare-two-commits"",""status"":""404""}",2026-03-03T05:13:54Z,0
Fywzero/vphone-cli,main,,,,,feat/vphoned-modules-and-menus;swift-yyds,"{""message"":""No common ancestor between main and Fywzero:main."",""documentation_url"":""https://docs.github.com/rest/commits/commits#compare-two-commits"",""status"":""404""}",2026-03-03T05:13:54Z,0
No1WellDone/vphone-cli,main,,,,,feat/vphoned-modules-and-menus;swift-yyds,"{""message"":""No common ancestor between main and No1WellDone:main."",""documentation_url"":""https://docs.github.com/rest/commits/commits#compare-two-commits"",""status"":""404""}",2026-03-03T05:13:54Z,0
kenchikuliu/vphone-cli,main,,,,,feat/vphoned-modules-and-menus;swift-yyds,"{""message"":""No common ancestor between main and kenchikuliu:main."",""documentation_url"":""https://docs.github.com/rest/commits/commits#compare-two-commits"",""status"":""404""}",2026-03-03T05:13:54Z,0
olansoft/vphone-cli,main,,,,,feat/vphoned-modules-and-menus;swift-yyds,"{""message"":""No common ancestor between main and olansoft:main."",""documentation_url"":""https://docs.github.com/rest/commits/commits#compare-two-commits"",""status"":""404""}",2026-03-03T05:13:54Z,0
itherone/vphone-cli,main,,,,patches_jb_wip,feat/vphoned-modules-and-menus;swift-yyds,"{""message"":""No common ancestor between main and itherone:main."",""documentation_url"":""https://docs.github.com/rest/commits/commits#compare-two-commits"",""status"":""404""}",2026-03-03T05:13:54Z,0
xiao037/vphone-cli,main,,,,,feat/vphoned-modules-and-menus;swift-yyds,"{""message"":""No common ancestor between main and xiao037:main."",""documentation_url"":""https://docs.github.com/rest/commits/commits#compare-two-commits"",""status"":""404""}",2026-03-03T05:13:54Z,0
MacsedProtoss/vphone-cli,main,,,,,feat/vphoned-modules-and-menus;swift-yyds,"{""message"":""No common ancestor between main and MacsedProtoss:main."",""documentation_url"":""https://docs.github.com/rest/commits/commits#compare-two-commits"",""status"":""404""}",2026-03-03T04:29:15Z,0
bxiao0719/vphone-cli,main,,,,,feat/vphoned-modules-and-menus;swift-yyds,"{""message"":""No common ancestor between main and bxiao0719:main."",""documentation_url"":""https://docs.github.com/rest/commits/commits#compare-two-commits"",""status"":""404""}",2026-03-03T03:24:55Z,0
Dollroot/vphone-cli,main,,,,,feat/vphoned-modules-and-menus;swift-yyds,"{""message"":""No common ancestor between main and Dollroot:main."",""documentation_url"":""https://docs.github.com/rest/commits/commits#compare-two-commits"",""status"":""404""}",2026-03-03T03:24:55Z,0
bobofabtju-gg/vphone-cli,main,,,,,feat/vphoned-modules-and-menus;swift-yyds,"{""message"":""No common ancestor between main and bobofabtju-gg:main."",""documentation_url"":""https://docs.github.com/rest/commits/commits#compare-two-commits"",""status"":""404""}",2026-03-03T03:24:55Z,0
sayue2019/vphone-cli,main,,,,,feat/vphoned-modules-and-menus;swift-yyds,"{""message"":""No common ancestor between main and sayue2019:main."",""documentation_url"":""https://docs.github.com/rest/commits/commits#compare-two-commits"",""status"":""404""}",2026-03-03T03:13:50Z,0
wanwenqiang/vphone-cli,main,,,,,feat/vphoned-modules-and-menus;swift-yyds,"{""message"":""No common ancestor between main and wanwenqiang:main."",""documentation_url"":""https://docs.github.com/rest/commits/commits#compare-two-commits"",""status"":""404""}",2026-03-02T21:08:43Z,0
eparter/vphone-cli,main,,,,patches_jb_wip,feat/vphoned-modules-and-menus;swift-yyds,"{""message"":""No common ancestor between main and eparter:main."",""documentation_url"":""https://docs.github.com/rest/commits/commits#compare-two-commits"",""status"":""404""}",2026-03-02T21:08:43Z,0
SongOnWater/vphone-cli,main,,,,,feat/vphoned-modules-and-menus;swift-yyds,"{""message"":""No common ancestor between main and SongOnWater:main."",""documentation_url"":""https://docs.github.com/rest/commits/commits#compare-two-commits"",""status"":""404""}",2026-03-02T21:08:43Z,0
030201xz/vphone-cli,main,,,,,feat/vphoned-modules-and-menus;swift-yyds,"{""message"":""No common ancestor between main and 030201xz:main."",""documentation_url"":""https://docs.github.com/rest/commits/commits#compare-two-commits"",""status"":""404""}",2026-03-02T21:08:43Z,0
fuad00/vphone-cli,main,,,,patches_jb_wip,feat/vphoned-modules-and-menus;swift-yyds,"{""message"":""No common ancestor between main and fuad00:main."",""documentation_url"":""https://docs.github.com/rest/commits/commits#compare-two-commits"",""status"":""404""}",2026-03-03T12:34:35Z,0
binbankm/vphone-cli,main,,,,,feat/vphoned-modules-and-menus;swift-yyds,"{""message"":""No common ancestor between main and binbankm:main."",""documentation_url"":""https://docs.github.com/rest/commits/commits#compare-two-commits"",""status"":""404""}",2026-03-02T21:08:43Z,0
lallouslab/vphone-cli,main,,,,,feat/vphoned-modules-and-menus;swift-yyds,"{""message"":""No common ancestor between main and lallouslab:main."",""documentation_url"":""https://docs.github.com/rest/commits/commits#compare-two-commits"",""status"":""404""}",2026-03-02T21:08:43Z,1
samni728/vphone-cli-new,main,,,,,feat/vphoned-modules-and-menus;swift-yyds,"{""message"":""No common ancestor between main and samni728:main."",""documentation_url"":""https://docs.github.com/rest/commits/commits#compare-two-commits"",""status"":""404""}",2026-03-02T20:45:39Z,0
akashocx17/vphone-cli,main,,,,,feat/vphoned-modules-and-menus;swift-yyds,"{""message"":""No common ancestor between main and akashocx17:main."",""documentation_url"":""https://docs.github.com/rest/commits/commits#compare-two-commits"",""status"":""404""}",2026-03-02T20:13:19Z,0
MUY5RRRRR/vphone-cli,main,,,,,feat/vphoned-modules-and-menus;swift-yyds,"{""message"":""No common ancestor between main and MUY5RRRRR:main."",""documentation_url"":""https://docs.github.com/rest/commits/commits#compare-two-commits"",""status"":""404""}",2026-03-02T20:04:05Z,0
sjzhao/vphone-cli,main,,,,,feat/vphoned-modules-and-menus;swift-yyds,"{""message"":""No common ancestor between main and sjzhao:main."",""documentation_url"":""https://docs.github.com/rest/commits/commits#compare-two-commits"",""status"":""404""}",2026-03-02T19:03:24Z,0
jauharvp/vphone-cli,main,,,,,feat/vphoned-modules-and-menus;swift-yyds,"{""message"":""No common ancestor between main and jauharvp:main."",""documentation_url"":""https://docs.github.com/rest/commits/commits#compare-two-commits"",""status"":""404""}",2026-03-02T19:03:24Z,0
cybest993-xx/vphone-cli,main,,,,,feat/vphoned-modules-and-menus;swift-yyds,"{""message"":""No common ancestor between main and cybest993-xx:main."",""documentation_url"":""https://docs.github.com/rest/commits/commits#compare-two-commits"",""status"":""404""}",2026-03-02T19:03:24Z,0
tamdao/vphone-cli,main,,,,,feat/vphoned-modules-and-menus;swift-yyds,"{""message"":""No common ancestor between main and tamdao:main."",""documentation_url"":""https://docs.github.com/rest/commits/commits#compare-two-commits"",""status"":""404""}",2026-03-02T11:28:56Z,0
qinwentu/vphone-cli,main,,,,,feat/vphoned-modules-and-menus;swift-yyds,"{""message"":""No common ancestor between main and qinwentu:main."",""documentation_url"":""https://docs.github.com/rest/commits/commits#compare-two-commits"",""status"":""404""}",2026-03-02T11:28:56Z,0
gxlself/vphone-cli,main,,,,,feat/vphoned-modules-and-menus;swift-yyds,"{""message"":""No common ancestor between main and gxlself:main."",""documentation_url"":""https://docs.github.com/rest/commits/commits#compare-two-commits"",""status"":""404""}",2026-03-02T11:28:56Z,0
enefry/vphone-cli,main,,,,,feat/vphoned-modules-and-menus;swift-yyds,"{""message"":""No common ancestor between main and enefry:main."",""documentation_url"":""https://docs.github.com/rest/commits/commits#compare-two-commits"",""status"":""404""}",2026-03-02T11:28:56Z,0
asjfl/vphone-cli,main,,,,,feat/vphoned-modules-and-menus;swift-yyds,"{""message"":""No common ancestor between main and asjfl:main."",""documentation_url"":""https://docs.github.com/rest/commits/commits#compare-two-commits"",""status"":""404""}",2026-03-02T11:28:56Z,0
kuse95/vphone-cli,main,,,,,feat/vphoned-modules-and-menus;swift-yyds,"{""message"":""No common ancestor between main and kuse95:main."",""documentation_url"":""https://docs.github.com/rest/commits/commits#compare-two-commits"",""status"":""404""}",2026-03-02T11:28:56Z,0
eric-code/vphone-cli,main,,,,,feat/vphoned-modules-and-menus;swift-yyds,"{""message"":""No common ancestor between main and eric-code:main."",""documentation_url"":""https://docs.github.com/rest/commits/commits#compare-two-commits"",""status"":""404""}",2026-03-02T11:28:56Z,0
wanli06568-a11y/vphone-cli,main,,,,,feat/vphoned-modules-and-menus;swift-yyds,"{""message"":""No common ancestor between main and wanli06568-a11y:main."",""documentation_url"":""https://docs.github.com/rest/commits/commits#compare-two-commits"",""status"":""404""}",2026-03-02T11:28:56Z,0
kwin-wang/vphone-cli,main,,,,,feat/vphoned-modules-and-menus;swift-yyds,"{""message"":""No common ancestor between main and kwin-wang:main."",""documentation_url"":""https://docs.github.com/rest/commits/commits#compare-two-commits"",""status"":""404""}",2026-03-02T11:28:56Z,0
allinone-web/vphone-cli,main,,,,,feat/vphoned-modules-and-menus;swift-yyds,"{""message"":""No common ancestor between main and allinone-web:main."",""documentation_url"":""https://docs.github.com/rest/commits/commits#compare-two-commits"",""status"":""404""}",2026-03-02T11:28:56Z,0
xshentx/vphone-cli,main,,,,,feat/vphoned-modules-and-menus;swift-yyds,"{""message"":""No common ancestor between main and xshentx:main."",""documentation_url"":""https://docs.github.com/rest/commits/commits#compare-two-commits"",""status"":""404""}",2026-03-02T11:28:56Z,0
x-collect/vphone-cli,main,,,,,feat/vphoned-modules-and-menus;swift-yyds,"{""message"":""No common ancestor between main and x-collect:main."",""documentation_url"":""https://docs.github.com/rest/commits/commits#compare-two-commits"",""status"":""404""}",2026-03-02T11:28:56Z,0
albuskwong/vphone-cli,main,,,,,feat/vphoned-modules-and-menus;swift-yyds,"{""message"":""No common ancestor between main and albuskwong:main."",""documentation_url"":""https://docs.github.com/rest/commits/commits#compare-two-commits"",""status"":""404""}",2026-03-02T11:28:56Z,0
jamesng-minhkhoi/vphone-cli,main,,,,,feat/vphoned-modules-and-menus;swift-yyds,"{""message"":""No common ancestor between main and jamesng-minhkhoi:main."",""documentation_url"":""https://docs.github.com/rest/commits/commits#compare-two-commits"",""status"":""404""}",2026-03-02T11:28:56Z,0
stakeswky/vphone-cli,main,,,,,feat/vphoned-modules-and-menus;swift-yyds,"{""message"":""No common ancestor between main and stakeswky:main."",""documentation_url"":""https://docs.github.com/rest/commits/commits#compare-two-commits"",""status"":""404""}",2026-03-02T11:28:56Z,0
panicfrog/vphone-cli,main,,,,,feat/vphoned-modules-and-menus;swift-yyds,"{""message"":""No common ancestor between main and panicfrog:main."",""documentation_url"":""https://docs.github.com/rest/commits/commits#compare-two-commits"",""status"":""404""}",2026-03-02T11:28:56Z,0
synctrust/vphone-cli,main,,,,,feat/vphoned-modules-and-menus;swift-yyds,"{""message"":""No common ancestor between main and synctrust:main."",""documentation_url"":""https://docs.github.com/rest/commits/commits#compare-two-commits"",""status"":""404""}",2026-03-02T11:28:56Z,0
mmsplf2022-maker/vphone-cli,main,,,,,feat/vphoned-modules-and-menus;swift-yyds,"{""message"":""No common ancestor between main and mmsplf2022-maker:main."",""documentation_url"":""https://docs.github.com/rest/commits/commits#compare-two-commits"",""status"":""404""}",2026-03-02T11:28:56Z,0
gster/vphone-cli,main,,,,,feat/vphoned-modules-and-menus;swift-yyds,"{""message"":""No common ancestor between main and gster:main."",""documentation_url"":""https://docs.github.com/rest/commits/commits#compare-two-commits"",""status"":""404""}",2026-03-02T11:28:56Z,0
j8267643/vphone-cli,main,,,,patches_jb_wip,feat/vphoned-modules-and-menus;swift-yyds,"{""message"":""No common ancestor between main and j8267643:main."",""documentation_url"":""https://docs.github.com/rest/commits/commits#compare-two-commits"",""status"":""404""}",2026-03-02T11:28:56Z,0
foobar18/vphone-cli,main,,,,,feat/vphoned-modules-and-menus;swift-yyds,"{""message"":""No common ancestor between main and foobar18:main."",""documentation_url"":""https://docs.github.com/rest/commits/commits#compare-two-commits"",""status"":""404""}",2026-03-02T11:28:56Z,0
zhaoluhang1989/vphone-cli260302,main,,,,patches_jb_wip,feat/vphoned-modules-and-menus;swift-yyds,"{""message"":""No common ancestor between main and zhaoluhang1989:main."",""documentation_url"":""https://docs.github.com/rest/commits/commits#compare-two-commits"",""status"":""404""}",2026-03-02T11:28:56Z,0
CCSsunman/vphone-cli,main,,,,,feat/vphoned-modules-and-menus;swift-yyds,"{""message"":""No common ancestor between main and CCSsunman:main."",""documentation_url"":""https://docs.github.com/rest/commits/commits#compare-two-commits"",""status"":""404""}",2026-03-02T11:28:56Z,0
yeshuibo/vphone-cli,main,,,,,feat/vphoned-modules-and-menus;swift-yyds,"{""message"":""No common ancestor between main and yeshuibo:main."",""documentation_url"":""https://docs.github.com/rest/commits/commits#compare-two-commits"",""status"":""404""}",2026-03-02T11:28:56Z,0
hengqujushi/vphone-cli,main,,,,,feat/vphoned-modules-and-menus;swift-yyds,"{""message"":""No common ancestor between main and hengqujushi:main."",""documentation_url"":""https://docs.github.com/rest/commits/commits#compare-two-commits"",""status"":""404""}",2026-03-02T11:28:56Z,0
ipf37200/vphone-cli,main,,,,,feat/vphoned-modules-and-menus;swift-yyds,"{""message"":""No common ancestor between main and ipf37200:main."",""documentation_url"":""https://docs.github.com/rest/commits/commits#compare-two-commits"",""status"":""404""}",2026-03-02T11:28:56Z,0
wptad/vphone-cli,main,,,,,feat/vphoned-modules-and-menus;swift-yyds,"{""message"":""No common ancestor between main and wptad:main."",""documentation_url"":""https://docs.github.com/rest/commits/commits#compare-two-commits"",""status"":""404""}",2026-03-02T11:28:56Z,0
Cr4zylive/vphone-cli,main,,,,,feat/vphoned-modules-and-menus;swift-yyds,"{""message"":""No common ancestor between main and Cr4zylive:main."",""documentation_url"":""https://docs.github.com/rest/commits/commits#compare-two-commits"",""status"":""404""}",2026-03-02T11:28:56Z,0
alex-0907-1013/vphone-cli,main,,,,,feat/vphoned-modules-and-menus;swift-yyds,"{""message"":""No common ancestor between main and alex-0907-1013:main."",""documentation_url"":""https://docs.github.com/rest/commits/commits#compare-two-commits"",""status"":""404""}",2026-03-02T11:28:56Z,0
tongiwei/vphone-cli,main,,,,,feat/vphoned-modules-and-menus;swift-yyds,"{""message"":""No common ancestor between main and tongiwei:main."",""documentation_url"":""https://docs.github.com/rest/commits/commits#compare-two-commits"",""status"":""404""}",2026-03-02T11:28:56Z,0
McNight/vphone-cli,main,behind,0,38,feat/any_ipa;feat/filebrowser_improvements;feat/notify_post;feat/window_menu;fix/file-transfer-error-alert;fix/preflight-multi-volume-csrutil;fix/sileo_source;fix/ssh_profiles;history,feat/vphoned-modules-and-menus;swift-yyds,,2026-03-24T21:46:28Z,0
nexto0/vphone-cli,main,,,,patches_jb_wip,feat/vphoned-modules-and-menus;swift-yyds,"{""message"":""No common ancestor between main and nexto0:main."",""documentation_url"":""https://docs.github.com/rest/commits/commits#compare-two-commits"",""status"":""404""}",2026-03-02T11:28:56Z,0
mgcnb666/vphone-cli,main,,,,,feat/vphoned-modules-and-menus;swift-yyds,"{""message"":""No common ancestor between main and mgcnb666:main."",""documentation_url"":""https://docs.github.com/rest/commits/commits#compare-two-commits"",""status"":""404""}",2026-03-02T11:28:56Z,0
Crazysiri/vphone-cli,main,,,,patches_jb_wip,feat/vphoned-modules-and-menus;swift-yyds,"{""message"":""No common ancestor between main and Crazysiri:main."",""documentation_url"":""https://docs.github.com/rest/commits/commits#compare-two-commits"",""status"":""404""}",2026-03-02T11:28:56Z,0
krysof/vphone-cli,main,,,,,feat/vphoned-modules-and-menus;swift-yyds,"{""message"":""No common ancestor between main and krysof:main."",""documentation_url"":""https://docs.github.com/rest/commits/commits#compare-two-commits"",""status"":""404""}",2026-03-02T11:28:56Z,0
zhaoboy9692/vphone-cli,main,,,,,feat/vphoned-modules-and-menus;swift-yyds,"{""message"":""No common ancestor between main and zhaoboy9692:main."",""documentation_url"":""https://docs.github.com/rest/commits/commits#compare-two-commits"",""status"":""404""}",2026-03-02T11:28:56Z,0
dlmufei/vphone-cli,main,,,,,feat/vphoned-modules-and-menus;swift-yyds,"{""message"":""No common ancestor between main and dlmufei:main."",""documentation_url"":""https://docs.github.com/rest/commits/commits#compare-two-commits"",""status"":""404""}",2026-03-02T11:28:56Z,0
ChungWingDonald/vphone-cli,main,,,,,feat/vphoned-modules-and-menus;main;swift-yyds,"{""message"":""Not Found"",""documentation_url"":""https://docs.github.com/rest/commits/commits#compare-two-commits"",""status"":""404""} | branches_fetch:404",2026-03-02T11:28:56Z,0
wp3355168/vphone-cli,main,,,,,feat/vphoned-modules-and-menus;swift-yyds,"{""message"":""No common ancestor between main and wp3355168:main."",""documentation_url"":""https://docs.github.com/rest/commits/commits#compare-two-commits"",""status"":""404""}",2026-03-02T11:28:56Z,0
e10514001/vphone-cli,main,behind,0,43,,feat/vphoned-modules-and-menus;swift-yyds,,2026-03-17T06:19:12Z,0
gaplan/vphone-cli,main,,,,,feat/vphoned-modules-and-menus;swift-yyds,"{""message"":""No common ancestor between main and gaplan:main."",""documentation_url"":""https://docs.github.com/rest/commits/commits#compare-two-commits"",""status"":""404""}",2026-03-02T11:28:56Z,0
lorrycao/vphone-cli,main,,,,,feat/vphoned-modules-and-menus;swift-yyds,"{""message"":""No common ancestor between main and lorrycao:main."",""documentation_url"":""https://docs.github.com/rest/commits/commits#compare-two-commits"",""status"":""404""}",2026-03-02T11:28:56Z,0
heehhe/vphone-cli,main,,,,,feat/vphoned-modules-and-menus;swift-yyds,"{""message"":""No common ancestor between main and heehhe:main."",""documentation_url"":""https://docs.github.com/rest/commits/commits#compare-two-commits"",""status"":""404""}",2026-03-02T11:28:56Z,0
SGB555/vphone-cli,main,,,,,feat/vphoned-modules-and-menus;swift-yyds,"{""message"":""No common ancestor between main and SGB555:main."",""documentation_url"":""https://docs.github.com/rest/commits/commits#compare-two-commits"",""status"":""404""}",2026-03-02T11:28:56Z,0
privatepppp/vphone-cli,main,,,,,feat/vphoned-modules-and-menus;swift-yyds,"{""message"":""No common ancestor between main and privatepppp:main."",""documentation_url"":""https://docs.github.com/rest/commits/commits#compare-two-commits"",""status"":""404""}",2026-03-02T11:28:56Z,0
torbensen/vphone-cli,main,,,,,feat/vphoned-modules-and-menus;swift-yyds,"{""message"":""No common ancestor between main and torbensen:main."",""documentation_url"":""https://docs.github.com/rest/commits/commits#compare-two-commits"",""status"":""404""}",2026-03-02T11:28:56Z,0
mfs555901/vphone-cli,main,,,,,feat/vphoned-modules-and-menus;swift-yyds,"{""message"":""No common ancestor between main and mfs555901:main."",""documentation_url"":""https://docs.github.com/rest/commits/commits#compare-two-commits"",""status"":""404""}",2026-03-02T11:28:56Z,0
lllunimon-gy/vphone-cli,main,,,,,feat/vphoned-modules-and-menus;swift-yyds,"{""message"":""No common ancestor between main and lllunimon-gy:main."",""documentation_url"":""https://docs.github.com/rest/commits/commits#compare-two-commits"",""status"":""404""}",2026-03-02T11:28:56Z,0
WhiteTeeth/vphone-cli,main,,,,patches_jb_wip,feat/vphoned-modules-and-menus;swift-yyds,"{""message"":""No common ancestor between main and WhiteTeeth:main."",""documentation_url"":""https://docs.github.com/rest/commits/commits#compare-two-commits"",""status"":""404""}",2026-03-02T11:28:56Z,0
michelie03/vphone-cli,main,,,,,feat/vphoned-modules-and-menus;swift-yyds,"{""message"":""No common ancestor between main and michelie03:main."",""documentation_url"":""https://docs.github.com/rest/commits/commits#compare-two-commits"",""status"":""404""}",2026-03-02T11:28:56Z,0
luhailiang/vphone-cli,main,,,,,feat/vphoned-modules-and-menus;swift-yyds,"{""message"":""No common ancestor between main and luhailiang:main."",""documentation_url"":""https://docs.github.com/rest/commits/commits#compare-two-commits"",""status"":""404""}",2026-03-02T11:28:56Z,0
huozhenwei/vphone-cli,main,,,,,feat/vphoned-modules-and-menus;swift-yyds,"{""message"":""No common ancestor between main and huozhenwei:main."",""documentation_url"":""https://docs.github.com/rest/commits/commits#compare-two-commits"",""status"":""404""}",2026-03-02T11:28:56Z,0
dangerwolf/vphone-cli,main,,,,,feat/vphoned-modules-and-menus;swift-yyds,"{""message"":""No common ancestor between main and dangerwolf:main."",""documentation_url"":""https://docs.github.com/rest/commits/commits#compare-two-commits"",""status"":""404""}",2026-03-02T11:28:56Z,0
nxpatterns/vphone-cli,main,,,,,feat/vphoned-modules-and-menus;swift-yyds,"{""message"":""No common ancestor between main and nxpatterns:main."",""documentation_url"":""https://docs.github.com/rest/commits/commits#compare-two-commits"",""status"":""404""}",2026-03-02T11:28:56Z,0
droc12/vphone-cli,main,,,,,feat/vphoned-modules-and-menus;swift-yyds,"{""message"":""No common ancestor between main and droc12:main."",""documentation_url"":""https://docs.github.com/rest/commits/commits#compare-two-commits"",""status"":""404""}",2026-03-02T11:25:34Z,0
WangEven2918/vphone-cli,main,,,,,feat/vphoned-modules-and-menus;swift-yyds,"{""message"":""No common ancestor between main and WangEven2918:main."",""documentation_url"":""https://docs.github.com/rest/commits/commits#compare-two-commits"",""status"":""404""}",2026-03-02T11:25:34Z,0
Maxize/vphone-cli,main,,,,,feat/vphoned-modules-and-menus;swift-yyds,"{""message"":""No common ancestor between main and Maxize:main."",""documentation_url"":""https://docs.github.com/rest/commits/commits#compare-two-commits"",""status"":""404""}",2026-03-02T11:25:34Z,0
Payhon/vphone-cli,main,,,,,feat/vphoned-modules-and-menus;swift-yyds,"{""message"":""No common ancestor between main and Payhon:main."",""documentation_url"":""https://docs.github.com/rest/commits/commits#compare-two-commits"",""status"":""404""}",2026-03-02T11:25:34Z,0
Oaroyal/vphone-cli,main,diverged,60,212,,feat/vphoned-modules-and-menus;swift-yyds,,2026-03-05T12:16:42Z,0
0bing0/vphone-cli,main,,,,,feat/vphoned-modules-and-menus;swift-yyds,"{""message"":""No common ancestor between main and 0bing0:main."",""documentation_url"":""https://docs.github.com/rest/commits/commits#compare-two-commits"",""status"":""404""}",2026-03-02T11:18:25Z,0
Jiangjiang-jiang/vphone-cli,main,behind,0,2,,feat/vphoned-modules-and-menus;swift-yyds,,2026-04-29T16:15:21Z,0
oconch/vphone-cli,main,,,,,feat/vphoned-modules-and-menus;swift-yyds,"{""message"":""No common ancestor between main and oconch:main."",""documentation_url"":""https://docs.github.com/rest/commits/commits#compare-two-commits"",""status"":""404""}",2026-03-02T11:07:28Z,0
alanchenup/vphone-cli,main,,,,,feat/vphoned-modules-and-menus;swift-yyds,"{""message"":""No common ancestor between main and alanchenup:main."",""documentation_url"":""https://docs.github.com/rest/commits/commits#compare-two-commits"",""status"":""404""}",2026-03-02T11:01:20Z,0
happyfish21cn/vphone-cli,main,,,,,feat/vphoned-modules-and-menus;swift-yyds,"{""message"":""No common ancestor between main and happyfish21cn:main."",""documentation_url"":""https://docs.github.com/rest/commits/commits#compare-two-commits"",""status"":""404""}",2026-03-02T10:39:54Z,0
cem-3000ve1/vphone-cli,main,,,,,feat/vphoned-modules-and-menus;swift-yyds,"{""message"":""No common ancestor between main and cem-3000ve1:main."",""documentation_url"":""https://docs.github.com/rest/commits/commits#compare-two-commits"",""status"":""404""}",2026-03-02T10:39:54Z,0
afczys/vphone-cli,main,,,,,feat/vphoned-modules-and-menus;swift-yyds,"{""message"":""No common ancestor between main and afczys:main."",""documentation_url"":""https://docs.github.com/rest/commits/commits#compare-two-commits"",""status"":""404""}",2026-03-02T10:39:54Z,0
L1n0rg/vphone-cli,main,,,,,feat/vphoned-modules-and-menus;swift-yyds,"{""message"":""No common ancestor between main and L1n0rg:main."",""documentation_url"":""https://docs.github.com/rest/commits/commits#compare-two-commits"",""status"":""404""}",2026-03-02T10:36:38Z,0
bpqm/vphone-cli,main,,,,,feat/vphoned-modules-and-menus;swift-yyds,"{""message"":""No common ancestor between main and bpqm:main."",""documentation_url"":""https://docs.github.com/rest/commits/commits#compare-two-commits"",""status"":""404""}",2026-03-02T07:26:29Z,0
xjkj2019/vphone-cli,main,,,,,feat/vphoned-modules-and-menus;swift-yyds,"{""message"":""No common ancestor between main and xjkj2019:main."",""documentation_url"":""https://docs.github.com/rest/commits/commits#compare-two-commits"",""status"":""404""}",2026-03-02T07:26:29Z,0
p1gfly/vphone-cli,main,,,,,feat/vphoned-modules-and-menus;swift-yyds,"{""message"":""No common ancestor between main and p1gfly:main."",""documentation_url"":""https://docs.github.com/rest/commits/commits#compare-two-commits"",""status"":""404""}",2026-03-02T07:26:29Z,0
JackyJason2023/vphone-cli,main,,,,,feat/vphoned-modules-and-menus;swift-yyds,"{""message"":""No common ancestor between main and JackyJason2023:main."",""documentation_url"":""https://docs.github.com/rest/commits/commits#compare-two-commits"",""status"":""404""}",2026-03-02T07:26:29Z,0
ezchim/vphone-cli,main,,,,,feat/vphoned-modules-and-menus;swift-yyds,"{""message"":""No common ancestor between main and ezchim:main."",""documentation_url"":""https://docs.github.com/rest/commits/commits#compare-two-commits"",""status"":""404""}",2026-03-02T07:26:29Z,0
gittzz/vphone-cli,main,,,,patches_jb_wip,feat/vphoned-modules-and-menus;swift-yyds,"{""message"":""No common ancestor between main and gittzz:main."",""documentation_url"":""https://docs.github.com/rest/commits/commits#compare-two-commits"",""status"":""404""}",2026-03-02T07:26:29Z,0
gsyx666/vphone-cli,main,,,,,feat/vphoned-modules-and-menus;swift-yyds,"{""message"":""No common ancestor between main and gsyx666:main."",""documentation_url"":""https://docs.github.com/rest/commits/commits#compare-two-commits"",""status"":""404""}",2026-03-02T07:26:29Z,0
duncanxdc/vphone-cli,main,,,,,feat/vphoned-modules-and-menus;swift-yyds,"{""message"":""No common ancestor between main and duncanxdc:main."",""documentation_url"":""https://docs.github.com/rest/commits/commits#compare-two-commits"",""status"":""404""}",2026-03-02T07:26:29Z,0
ZZZping/vphone-cli,main,,,,patches_jb_wip,feat/vphoned-modules-and-menus;swift-yyds,"{""message"":""No common ancestor between main and ZZZping:main."",""documentation_url"":""https://docs.github.com/rest/commits/commits#compare-two-commits"",""status"":""404""}",2026-03-02T07:26:29Z,0
xiaof631/vphone-cli,main,,,,,feat/vphoned-modules-and-menus;swift-yyds,"{""message"":""No common ancestor between main and xiaof631:main."",""documentation_url"":""https://docs.github.com/rest/commits/commits#compare-two-commits"",""status"":""404""}",2026-03-02T07:26:29Z,0
xiqing21/vphone-cli,main,,,,,feat/vphoned-modules-and-menus;swift-yyds,"{""message"":""No common ancestor between main and xiqing21:main."",""documentation_url"":""https://docs.github.com/rest/commits/commits#compare-two-commits"",""status"":""404""}",2026-03-02T07:26:29Z,0
youkaede77/vphone-cli,main,,,,,feat/vphoned-modules-and-menus;swift-yyds,"{""message"":""No common ancestor between main and youkaede77:main."",""documentation_url"":""https://docs.github.com/rest/commits/commits#compare-two-commits"",""status"":""404""}",2026-03-02T07:26:29Z,0
edwincw19/vphone-cli,main,,,,patches_jb_wip,feat/vphoned-modules-and-menus;swift-yyds,"{""message"":""No common ancestor between main and edwincw19:main."",""documentation_url"":""https://docs.github.com/rest/commits/commits#compare-two-commits"",""status"":""404""}",2026-03-02T07:26:29Z,0
andrewfxh/vphone-cli,main,,,,,feat/vphoned-modules-and-menus;swift-yyds,"{""message"":""No common ancestor between main and andrewfxh:main."",""documentation_url"":""https://docs.github.com/rest/commits/commits#compare-two-commits"",""status"":""404""}",2026-03-02T07:26:29Z,0
Qisky233/vphone-cli,main,,,,,feat/vphoned-modules-and-menus;swift-yyds,"{""message"":""No common ancestor between main and Qisky233:main."",""documentation_url"":""https://docs.github.com/rest/commits/commits#compare-two-commits"",""status"":""404""}",2026-03-02T07:26:29Z,0
wenliabc2007/vphone-cli,main,,,,,feat/vphoned-modules-and-menus;swift-yyds,"{""message"":""No common ancestor between main and wenliabc2007:main."",""documentation_url"":""https://docs.github.com/rest/commits/commits#compare-two-commits"",""status"":""404""}",2026-03-02T07:26:29Z,0
showhwa/vphone-cli,main,,,,patches_jb_wip,feat/vphoned-modules-and-menus;swift-yyds,"{""message"":""No common ancestor between main and showhwa:main."",""documentation_url"":""https://docs.github.com/rest/commits/commits#compare-two-commits"",""status"":""404""}",2026-03-02T07:26:29Z,0
m1337v/vphone-cli,main,,,,patch-1;patch-2;patches_jb_wip;rh,feat/vphoned-modules-and-menus;swift-yyds,"{""message"":""No common ancestor between main and m1337v:main."",""documentation_url"":""https://docs.github.com/rest/commits/commits#compare-two-commits"",""status"":""404""}",2026-03-07T15:08:13Z,0
hisuny/vphone-cli,main,,,,,feat/vphoned-modules-and-menus;swift-yyds,"{""message"":""No common ancestor between main and hisuny:main."",""documentation_url"":""https://docs.github.com/rest/commits/commits#compare-two-commits"",""status"":""404""}",2026-03-02T07:26:29Z,0
zeewell/vphone-cli,main,behind,0,37,,feat/vphoned-modules-and-menus;swift-yyds,,2026-04-01T10:29:18Z,0
coderlee/vphone-cli,main,,,,patches_jb_wip,feat/vphoned-modules-and-menus;swift-yyds,"{""message"":""No common ancestor between main and coderlee:main."",""documentation_url"":""https://docs.github.com/rest/commits/commits#compare-two-commits"",""status"":""404""}",2026-03-02T07:26:29Z,0
FriggaAZ/vphone-cli,main,,,,,feat/vphoned-modules-and-menus;swift-yyds,"{""message"":""No common ancestor between main and FriggaAZ:main."",""documentation_url"":""https://docs.github.com/rest/commits/commits#compare-two-commits"",""status"":""404""}",2026-03-02T07:26:29Z,0
youngzhi2023/vphone-cli,main,,,,patches_jb_wip,feat/vphoned-modules-and-menus;swift-yyds,"{""message"":""No common ancestor between main and youngzhi2023:main."",""documentation_url"":""https://docs.github.com/rest/commits/commits#compare-two-commits"",""status"":""404""}",2026-03-02T07:26:29Z,0
crackxia/vphone-cli,main,,,,,feat/vphoned-modules-and-menus;swift-yyds,"{""message"":""No common ancestor between main and crackxia:main."",""documentation_url"":""https://docs.github.com/rest/commits/commits#compare-two-commits"",""status"":""404""}",2026-03-02T07:26:29Z,0
hugoz627/vphone-cli,main,,,,,feat/vphoned-modules-and-menus;swift-yyds,"{""message"":""No common ancestor between main and hugoz627:main."",""documentation_url"":""https://docs.github.com/rest/commits/commits#compare-two-commits"",""status"":""404""}",2026-03-02T07:26:29Z,0
CoFund/vphone-cli,main,,,,,feat/vphoned-modules-and-menus;swift-yyds,"{""message"":""No common ancestor between main and CoFund:main."",""documentation_url"":""https://docs.github.com/rest/commits/commits#compare-two-commits"",""status"":""404""}",2026-03-02T07:26:29Z,0
lycsqq/vphone-cli,main,,,,,feat/vphoned-modules-and-menus;swift-yyds,"{""message"":""No common ancestor between main and lycsqq:main."",""documentation_url"":""https://docs.github.com/rest/commits/commits#compare-two-commits"",""status"":""404""}",2026-03-02T07:26:29Z,0
Zfashion/vphone-cli,main,,,,,feat/vphoned-modules-and-menus;swift-yyds,"{""message"":""No common ancestor between main and Zfashion:main."",""documentation_url"":""https://docs.github.com/rest/commits/commits#compare-two-commits"",""status"":""404""}",2026-03-02T07:26:29Z,0
PeterQF/vphone-cli,main,,,,,feat/vphoned-modules-and-menus;swift-yyds,"{""message"":""No common ancestor between main and PeterQF:main."",""documentation_url"":""https://docs.github.com/rest/commits/commits#compare-two-commits"",""status"":""404""}",2026-03-02T07:26:29Z,0
hxinn/vphone-cli,main,,,,,feat/vphoned-modules-and-menus;swift-yyds,"{""message"":""No common ancestor between main and hxinn:main."",""documentation_url"":""https://docs.github.com/rest/commits/commits#compare-two-commits"",""status"":""404""}",2026-03-02T07:26:29Z,0
hzhongl/vphone-cli,main,,,,,feat/vphoned-modules-and-menus;swift-yyds,"{""message"":""No common ancestor between main and hzhongl:main."",""documentation_url"":""https://docs.github.com/rest/commits/commits#compare-two-commits"",""status"":""404""}",2026-03-02T07:26:29Z,0
lw404-ai/vphone-cli,main,behind,0,38,,feat/vphoned-modules-and-menus;swift-yyds,,2026-03-26T08:50:57Z,0
mylukin/vphone-cli,main,,,,,feat/vphoned-modules-and-menus;swift-yyds,"{""message"":""No common ancestor between main and mylukin:main."",""documentation_url"":""https://docs.github.com/rest/commits/commits#compare-two-commits"",""status"":""404""}",2026-03-02T07:26:29Z,0
uspython/vphone-cli,main,,,,,feat/vphoned-modules-and-menus;swift-yyds,"{""message"":""No common ancestor between main and uspython:main."",""documentation_url"":""https://docs.github.com/rest/commits/commits#compare-two-commits"",""status"":""404""}",2026-03-02T07:26:29Z,0
xz-forks/Lakr233-vphone-cli,main,,,,patches_jb_wip,feat/vphoned-modules-and-menus;swift-yyds,"{""message"":""No common ancestor between main and xz-forks:main."",""documentation_url"":""https://docs.github.com/rest/commits/commits#compare-two-commits"",""status"":""404""}",2026-03-02T07:26:29Z,0
VoidB92/vphone-cli,main,,,,,feat/vphoned-modules-and-menus;swift-yyds,"{""message"":""No common ancestor between main and VoidB92:main."",""documentation_url"":""https://docs.github.com/rest/commits/commits#compare-two-commits"",""status"":""404""}",2026-03-02T07:26:29Z,0
4B5F5F4B/vphone-cli,main,,,,,feat/vphoned-modules-and-menus;swift-yyds,"{""message"":""No common ancestor between main and 4B5F5F4B:main."",""documentation_url"":""https://docs.github.com/rest/commits/commits#compare-two-commits"",""status"":""404""}",2026-03-02T07:26:29Z,0
GindaChen/vphone-cli,main,,,,,feat/vphoned-modules-and-menus;swift-yyds,"{""message"":""No common ancestor between main and GindaChen:main."",""documentation_url"":""https://docs.github.com/rest/commits/commits#compare-two-commits"",""status"":""404""}",2026-03-02T07:26:29Z,0
parkLGW/vphone-cli,main,,,,,feat/vphoned-modules-and-menus;swift-yyds,"{""message"":""No common ancestor between main and parkLGW:main."",""documentation_url"":""https://docs.github.com/rest/commits/commits#compare-two-commits"",""status"":""404""}",2026-03-02T07:26:29Z,0
GACWR/vphone-cli,main,,,,,feat/vphoned-modules-and-menus;swift-yyds,"{""message"":""No common ancestor between main and GACWR:main."",""documentation_url"":""https://docs.github.com/rest/commits/commits#compare-two-commits"",""status"":""404""}",2026-03-02T07:26:29Z,0
xiaoyintou/vphone-cli,main,,,,,feat/vphoned-modules-and-menus;swift-yyds,"{""message"":""No common ancestor between main and xiaoyintou:main."",""documentation_url"":""https://docs.github.com/rest/commits/commits#compare-two-commits"",""status"":""404""}",2026-03-02T07:26:29Z,0
idau7/vphone-cli,main,,,,,feat/vphoned-modules-and-menus;swift-yyds,"{""message"":""No common ancestor between main and idau7:main."",""documentation_url"":""https://docs.github.com/rest/commits/commits#compare-two-commits"",""status"":""404""}",2026-03-02T07:26:29Z,0
kingour/vphone-cli,main,,,,,feat/vphoned-modules-and-menus;swift-yyds,"{""message"":""No common ancestor between main and kingour:main."",""documentation_url"":""https://docs.github.com/rest/commits/commits#compare-two-commits"",""status"":""404""}",2026-03-02T07:26:29Z,0
Jenner4S/vphone-cli,main,,,,,feat/vphoned-modules-and-menus;swift-yyds,"{""message"":""No common ancestor between main and Jenner4S:main."",""documentation_url"":""https://docs.github.com/rest/commits/commits#compare-two-commits"",""status"":""404""}",2026-03-02T07:26:29Z,0
shl3807/vphone-cli,main,,,,,feat/vphoned-modules-and-menus;swift-yyds,"{""message"":""No common ancestor between main and shl3807:main."",""documentation_url"":""https://docs.github.com/rest/commits/commits#compare-two-commits"",""status"":""404""}",2026-03-02T07:22:26Z,0
n0-traces/vphone-cli,main,,,,,feat/vphoned-modules-and-menus;swift-yyds,"{""message"":""No common ancestor between main and n0-traces:main."",""documentation_url"":""https://docs.github.com/rest/commits/commits#compare-two-commits"",""status"":""404""}",2026-03-02T05:59:48Z,0
ityongsheng/vphone-cli,main,,,,,feat/vphoned-modules-and-menus;swift-yyds,"{""message"":""No common ancestor between main and ityongsheng:main."",""documentation_url"":""https://docs.github.com/rest/commits/commits#compare-two-commits"",""status"":""404""}",2026-03-02T05:59:48Z,0
lexluthor0304/vphone-cli,main,,,,,feat/vphoned-modules-and-menus;swift-yyds,"{""message"":""No common ancestor between main and lexluthor0304:main."",""documentation_url"":""https://docs.github.com/rest/commits/commits#compare-two-commits"",""status"":""404""}",2026-03-02T05:59:48Z,0
onesky2015/vphone-cli,main,,,,,feat/vphoned-modules-and-menus;swift-yyds,"{""message"":""No common ancestor between main and onesky2015:main."",""documentation_url"":""https://docs.github.com/rest/commits/commits#compare-two-commits"",""status"":""404""}",2026-03-02T05:59:48Z,0
arno608rw/vphone-cli,main,,,,,feat/vphoned-modules-and-menus;swift-yyds,"{""message"":""No common ancestor between main and arno608rw:main."",""documentation_url"":""https://docs.github.com/rest/commits/commits#compare-two-commits"",""status"":""404""}",2026-03-02T05:59:48Z,0
luoyanbei/vphone-cli,main,,,,,feat/vphoned-modules-and-menus;swift-yyds,"{""message"":""No common ancestor between main and luoyanbei:main."",""documentation_url"":""https://docs.github.com/rest/commits/commits#compare-two-commits"",""status"":""404""}",2026-03-02T05:59:48Z,0
townmi/vphone-cli,main,,,,,feat/vphoned-modules-and-menus;swift-yyds,"{""message"":""No common ancestor between main and townmi:main."",""documentation_url"":""https://docs.github.com/rest/commits/commits#compare-two-commits"",""status"":""404""}",2026-03-02T05:59:48Z,0
pengcff/vphone-cli,main,,,,,feat/vphoned-modules-and-menus;swift-yyds,"{""message"":""No common ancestor between main and pengcff:main."",""documentation_url"":""https://docs.github.com/rest/commits/commits#compare-two-commits"",""status"":""404""}",2026-03-02T05:59:48Z,0
zhouchenh/vphone-cli,main,,,,patches_jb_wip,feat/vphoned-modules-and-menus;swift-yyds,"{""message"":""No common ancestor between main and zhouchenh:main."",""documentation_url"":""https://docs.github.com/rest/commits/commits#compare-two-commits"",""status"":""404""}",2026-03-02T05:59:48Z,0
findingbugs/vphone-cli,main,,,,,feat/vphoned-modules-and-menus;swift-yyds,"{""message"":""No common ancestor between main and findingbugs:main."",""documentation_url"":""https://docs.github.com/rest/commits/commits#compare-two-commits"",""status"":""404""}",2026-03-02T05:59:48Z,0
Coya-yan/vphone-cli,main,,,,,feat/vphoned-modules-and-menus;swift-yyds,"{""message"":""No common ancestor between main and Coya-yan:main."",""documentation_url"":""https://docs.github.com/rest/commits/commits#compare-two-commits"",""status"":""404""}",2026-03-02T05:59:48Z,0
JadeGeek/vphone-cli,main,,,,patches_jb_wip,feat/vphoned-modules-and-menus;swift-yyds,"{""message"":""No common ancestor between main and JadeGeek:main."",""documentation_url"":""https://docs.github.com/rest/commits/commits#compare-two-commits"",""status"":""404""}",2026-03-02T05:59:48Z,0
m1rakurufox/vphone-cli,main,,,,,feat/vphoned-modules-and-menus;swift-yyds,"{""message"":""No common ancestor between main and m1rakurufox:main."",""documentation_url"":""https://docs.github.com/rest/commits/commits#compare-two-commits"",""status"":""404""}",2026-03-02T05:59:48Z,0
AcideFluorhydrique/vphone-cli,main,,,,,feat/vphoned-modules-and-menus;swift-yyds,"{""message"":""No common ancestor between main and AcideFluorhydrique:main."",""documentation_url"":""https://docs.github.com/rest/commits/commits#compare-two-commits"",""status"":""404""}",2026-03-02T05:59:48Z,0
JFanFung/vphone-cli,main,,,,,feat/vphoned-modules-and-menus;swift-yyds,"{""message"":""No common ancestor between main and JFanFung:main."",""documentation_url"":""https://docs.github.com/rest/commits/commits#compare-two-commits"",""status"":""404""}",2026-03-02T05:59:48Z,0
chenxch/vphone-cli,main,,,,,feat/vphoned-modules-and-menus;swift-yyds,"{""message"":""No common ancestor between main and chenxch:main."",""documentation_url"":""https://docs.github.com/rest/commits/commits#compare-two-commits"",""status"":""404""}",2026-03-02T05:59:48Z,0
Mars-Yuan/vphone-cli,main,,,,,feat/vphoned-modules-and-menus;swift-yyds,"{""message"":""No common ancestor between main and Mars-Yuan:main."",""documentation_url"":""https://docs.github.com/rest/commits/commits#compare-two-commits"",""status"":""404""}",2026-03-02T05:59:48Z,0
0xrjman/vphone-cli,main,,,,,feat/vphoned-modules-and-menus;swift-yyds,"{""message"":""No common ancestor between main and 0xrjman:main."",""documentation_url"":""https://docs.github.com/rest/commits/commits#compare-two-commits"",""status"":""404""}",2026-03-02T05:59:48Z,0
gclm/vphone-cli,main,,,,imgbot,feat/vphoned-modules-and-menus;swift-yyds,"{""message"":""No common ancestor between main and gclm:main."",""documentation_url"":""https://docs.github.com/rest/commits/commits#compare-two-commits"",""status"":""404""}",2026-03-02T09:12:33Z,0
jdysn/vphone-cli,main,,,,,feat/vphoned-modules-and-menus;swift-yyds,"{""message"":""No common ancestor between main and jdysn:main."",""documentation_url"":""https://docs.github.com/rest/commits/commits#compare-two-commits"",""status"":""404""}",2026-03-02T05:45:50Z,0
beasonxu/vphone-cli,main,,,,,feat/vphoned-modules-and-menus;swift-yyds,"{""message"":""No common ancestor between main and beasonxu:main."",""documentation_url"":""https://docs.github.com/rest/commits/commits#compare-two-commits"",""status"":""404""}",2026-03-02T05:45:50Z,0
jk9059/vphone-cli,main,,,,,feat/vphoned-modules-and-menus;swift-yyds,"{""message"":""No common ancestor between main and jk9059:main."",""documentation_url"":""https://docs.github.com/rest/commits/commits#compare-two-commits"",""status"":""404""}",2026-03-02T05:45:50Z,0
humin1102/vphone-cli,main,,,,,feat/vphoned-modules-and-menus;swift-yyds,"{""message"":""No common ancestor between main and humin1102:main."",""documentation_url"":""https://docs.github.com/rest/commits/commits#compare-two-commits"",""status"":""404""}",2026-03-02T05:45:50Z,0
yuan3721/vphone-cli,main,,,,,feat/vphoned-modules-and-menus;swift-yyds,"{""message"":""No common ancestor between main and yuan3721:main."",""documentation_url"":""https://docs.github.com/rest/commits/commits#compare-two-commits"",""status"":""404""}",2026-03-02T05:45:16Z,0
whiteb0913/vphone-cli,main,,,,,feat/vphoned-modules-and-menus;swift-yyds,"{""message"":""No common ancestor between main and whiteb0913:main."",""documentation_url"":""https://docs.github.com/rest/commits/commits#compare-two-commits"",""status"":""404""}",2026-03-02T05:43:30Z,0
goblinjj/vphone-cli,main,,,,patches_jb_wip,feat/vphoned-modules-and-menus;swift-yyds,"{""message"":""No common ancestor between main and goblinjj:main."",""documentation_url"":""https://docs.github.com/rest/commits/commits#compare-two-commits"",""status"":""404""}",2026-03-02T05:39:46Z,0
yiyuan9/vphone-cli,main,,,,,feat/vphoned-modules-and-menus;swift-yyds,"{""message"":""No common ancestor between main and yiyuan9:main."",""documentation_url"":""https://docs.github.com/rest/commits/commits#compare-two-commits"",""status"":""404""}",2026-03-02T05:39:46Z,0
andersonrobot/vphone-cli,main,,,,patches_jb_wip,feat/vphoned-modules-and-menus;swift-yyds,"{""message"":""No common ancestor between main and andersonrobot:main."",""documentation_url"":""https://docs.github.com/rest/commits/commits#compare-two-commits"",""status"":""404""}",2026-03-02T05:20:40Z,0
bingyu88/vphone-cli,main,,,,,feat/vphoned-modules-and-menus;swift-yyds,"{""message"":""No common ancestor between main and bingyu88:main."",""documentation_url"":""https://docs.github.com/rest/commits/commits#compare-two-commits"",""status"":""404""}",2026-03-02T05:20:40Z,0
redpack-kr/vphone-cli,main,,,,,feat/vphoned-modules-and-menus;swift-yyds,"{""message"":""No common ancestor between main and redpack-kr:main."",""documentation_url"":""https://docs.github.com/rest/commits/commits#compare-two-commits"",""status"":""404""}",2026-03-02T05:20:40Z,0
buildearth/vphone-cli,main,,,,patches_jb_wip,feat/vphoned-modules-and-menus;swift-yyds,"{""message"":""No common ancestor between main and buildearth:main."",""documentation_url"":""https://docs.github.com/rest/commits/commits#compare-two-commits"",""status"":""404""}",2026-03-02T05:20:40Z,0
Phuong39/vphone-cli,main,,,,,feat/vphoned-modules-and-menus;swift-yyds,"{""message"":""No common ancestor between main and Phuong39:main."",""documentation_url"":""https://docs.github.com/rest/commits/commits#compare-two-commits"",""status"":""404""}",2026-03-02T05:20:40Z,0
puqiulin/vphone-cli,main,,,,,feat/vphoned-modules-and-menus;swift-yyds,"{""message"":""No common ancestor between main and puqiulin:main."",""documentation_url"":""https://docs.github.com/rest/commits/commits#compare-two-commits"",""status"":""404""}",2026-03-02T05:20:40Z,0
osintin1/vphone-cli,main,,,,,feat/vphoned-modules-and-menus;swift-yyds,"{""message"":""No common ancestor between main and osintin1:main."",""documentation_url"":""https://docs.github.com/rest/commits/commits#compare-two-commits"",""status"":""404""}",2026-03-02T05:20:40Z,0
cnlive860/vphone-cli,main,,,,,feat/vphoned-modules-and-menus;swift-yyds,"{""message"":""No common ancestor between main and cnlive860:main."",""documentation_url"":""https://docs.github.com/rest/commits/commits#compare-two-commits"",""status"":""404""}",2026-03-02T05:20:40Z,0
ValiantCat/vphone-cli,main,,,,,feat/vphoned-modules-and-menus;swift-yyds,"{""message"":""No common ancestor between main and ValiantCat:main."",""documentation_url"":""https://docs.github.com/rest/commits/commits#compare-two-commits"",""status"":""404""}",2026-03-02T05:01:44Z,0
AuroraHM/vphone-cli,main,,,,,feat/vphoned-modules-and-menus;swift-yyds,"{""message"":""No common ancestor between main and AuroraHM:main."",""documentation_url"":""https://docs.github.com/rest/commits/commits#compare-two-commits"",""status"":""404""}",2026-03-02T05:01:44Z,0
keqinglee/vphone-cli,main,,,,,feat/vphoned-modules-and-menus;swift-yyds,"{""message"":""No common ancestor between main and keqinglee:main."",""documentation_url"":""https://docs.github.com/rest/commits/commits#compare-two-commits"",""status"":""404""}",2026-03-02T05:01:44Z,0
brookate/vphone-cli,main,,,,,feat/vphoned-modules-and-menus;swift-yyds,"{""message"":""No common ancestor between main and brookate:main."",""documentation_url"":""https://docs.github.com/rest/commits/commits#compare-two-commits"",""status"":""404""}",2026-03-02T05:01:44Z,0
Gary542784/vphone-cli,main,,,,,feat/vphoned-modules-and-menus;swift-yyds,"{""message"":""No common ancestor between main and Gary542784:main."",""documentation_url"":""https://docs.github.com/rest/commits/commits#compare-two-commits"",""status"":""404""}",2026-03-02T02:49:39Z,1
app111/vphone-cli,main,,,,,feat/vphoned-modules-and-menus;swift-yyds,"{""message"":""No common ancestor between main and app111:main."",""documentation_url"":""https://docs.github.com/rest/commits/commits#compare-two-commits"",""status"":""404""}",2026-03-02T02:49:39Z,0
Miranda-2000/vphone-cli,main,,,,patches_jb_wip,feat/vphoned-modules-and-menus;swift-yyds,"{""message"":""No common ancestor between main and Miranda-2000:main."",""documentation_url"":""https://docs.github.com/rest/commits/commits#compare-two-commits"",""status"":""404""}",2026-03-02T02:49:39Z,1
Ydingguo/vphone-cli,main,,,,,feat/vphoned-modules-and-menus;swift-yyds,"{""message"":""No common ancestor between main and Ydingguo:main."",""documentation_url"":""https://docs.github.com/rest/commits/commits#compare-two-commits"",""status"":""404""}",2026-03-02T02:49:39Z,0
longka2024/vphone-cli,main,,,,,feat/vphoned-modules-and-menus;swift-yyds,"{""message"":""No common ancestor between main and longka2024:main."",""documentation_url"":""https://docs.github.com/rest/commits/commits#compare-two-commits"",""status"":""404""}",2026-03-02T02:49:39Z,0
qiyan2019/vphone-cli,main,,,,,feat/vphoned-modules-and-menus;swift-yyds,"{""message"":""No common ancestor between main and qiyan2019:main."",""documentation_url"":""https://docs.github.com/rest/commits/commits#compare-two-commits"",""status"":""404""}",2026-03-02T02:49:39Z,0
mljxxx/vphone-cli,main,,,,,feat/vphoned-modules-and-menus;swift-yyds,"{""message"":""No common ancestor between main and mljxxx:main."",""documentation_url"":""https://docs.github.com/rest/commits/commits#compare-two-commits"",""status"":""404""}",2026-03-02T02:49:39Z,0
eye388/vphone-cli,main,,,,,feat/vphoned-modules-and-menus;swift-yyds,"{""message"":""No common ancestor between main and eye388:main."",""documentation_url"":""https://docs.github.com/rest/commits/commits#compare-two-commits"",""status"":""404""}",2026-03-02T02:49:39Z,0
Pa2sw0rd/vphone-cli,main,,,,,feat/vphoned-modules-and-menus;swift-yyds,"{""message"":""No common ancestor between main and Pa2sw0rd:main."",""documentation_url"":""https://docs.github.com/rest/commits/commits#compare-two-commits"",""status"":""404""}",2026-03-02T02:49:39Z,0
RoshanDev/vphone-cli,main,,,,patches_jb_wip,feat/vphoned-modules-and-menus;swift-yyds,"{""message"":""No common ancestor between main and RoshanDev:main."",""documentation_url"":""https://docs.github.com/rest/commits/commits#compare-two-commits"",""status"":""404""}",2026-03-02T02:49:39Z,0
PPWake/vphone-cli,main,,,,,feat/vphoned-modules-and-menus;swift-yyds,"{""message"":""No common ancestor between main and PPWake:main."",""documentation_url"":""https://docs.github.com/rest/commits/commits#compare-two-commits"",""status"":""404""}",2026-03-02T02:49:39Z,0
mr-kimilo/vphone-cli,main,,,,,feat/vphoned-modules-and-menus;swift-yyds,"{""message"":""No common ancestor between main and mr-kimilo:main."",""documentation_url"":""https://docs.github.com/rest/commits/commits#compare-two-commits"",""status"":""404""}",2026-03-02T02:49:39Z,0
Epoch2019/vphone-cli,main,,,,,feat/vphoned-modules-and-menus;swift-yyds,"{""message"":""No common ancestor between main and Epoch2019:main."",""documentation_url"":""https://docs.github.com/rest/commits/commits#compare-two-commits"",""status"":""404""}",2026-03-02T02:49:39Z,0
future-jpg/vphone-cli,main,,,,patches_jb_wip,feat/vphoned-modules-and-menus;swift-yyds,"{""message"":""No common ancestor between main and future-jpg:main."",""documentation_url"":""https://docs.github.com/rest/commits/commits#compare-two-commits"",""status"":""404""}",2026-03-02T02:49:39Z,0
iccyuan/vphone-cli,main,behind,0,46,,feat/vphoned-modules-and-menus;swift-yyds,,2026-03-15T14:41:28Z,0
tomsalphaclawbot/vphone-cli,main,,,,patches_jb_wip,feat/vphoned-modules-and-menus;swift-yyds,"{""message"":""No common ancestor between main and tomsalphaclawbot:main."",""documentation_url"":""https://docs.github.com/rest/commits/commits#compare-two-commits"",""status"":""404""}",2026-03-02T02:49:39Z,0
fosuuser/vphone-cli,main,,,,,feat/vphoned-modules-and-menus;swift-yyds,"{""message"":""No common ancestor between main and fosuuser:main."",""documentation_url"":""https://docs.github.com/rest/commits/commits#compare-two-commits"",""status"":""404""}",2026-03-02T02:49:39Z,0
lovesuae/vphone-cli,main,,,,,feat/vphoned-modules-and-menus;swift-yyds,"{""message"":""No common ancestor between main and lovesuae:main."",""documentation_url"":""https://docs.github.com/rest/commits/commits#compare-two-commits"",""status"":""404""}",2026-03-02T02:49:39Z,0
DrNu11/vphone-cli,main,,,,,feat/vphoned-modules-and-menus;swift-yyds,"{""message"":""No common ancestor between main and DrNu11:main."",""documentation_url"":""https://docs.github.com/rest/commits/commits#compare-two-commits"",""status"":""404""}",2026-03-02T02:49:39Z,0
githubskylh/vphone-cli,main,,,,,feat/vphoned-modules-and-menus;swift-yyds,"{""message"":""No common ancestor between main and githubskylh:main."",""documentation_url"":""https://docs.github.com/rest/commits/commits#compare-two-commits"",""status"":""404""}",2026-03-02T02:49:39Z,0
asanzjx/vphone-cli,main,,,,,feat/vphoned-modules-and-menus;swift-yyds,"{""message"":""No common ancestor between main and asanzjx:main."",""documentation_url"":""https://docs.github.com/rest/commits/commits#compare-two-commits"",""status"":""404""}",2026-03-02T02:49:39Z,0
unisunis/vphone-cli,main,,,,,feat/vphoned-modules-and-menus;swift-yyds,"{""message"":""No common ancestor between main and unisunis:main."",""documentation_url"":""https://docs.github.com/rest/commits/commits#compare-two-commits"",""status"":""404""}",2026-03-02T02:49:39Z,0
naodeng/vphone-cli,main,behind,0,115,,feat/vphoned-modules-and-menus;swift-yyds,,2026-03-07T12:59:46Z,0
liuliuwenzheng/vphone-cli,main,,,,,feat/vphoned-modules-and-menus;swift-yyds,"{""message"":""No common ancestor between main and liuliuwenzheng:main."",""documentation_url"":""https://docs.github.com/rest/commits/commits#compare-two-commits"",""status"":""404""}",2026-03-02T02:49:39Z,0
wisinfun/vphone-cli,main,,,,,feat/vphoned-modules-and-menus;swift-yyds,"{""message"":""No common ancestor between main and wisinfun:main."",""documentation_url"":""https://docs.github.com/rest/commits/commits#compare-two-commits"",""status"":""404""}",2026-03-02T02:49:39Z,0
yfw123/vphone-cli,main,,,,patches_jb_wip,feat/vphoned-modules-and-menus;swift-yyds,"{""message"":""No common ancestor between main and yfw123:main."",""documentation_url"":""https://docs.github.com/rest/commits/commits#compare-two-commits"",""status"":""404""}",2026-03-02T02:49:39Z,0
ParkerLovely/vphone-cli,main,,,,,feat/vphoned-modules-and-menus;swift-yyds,"{""message"":""No common ancestor between main and ParkerLovely:main."",""documentation_url"":""https://docs.github.com/rest/commits/commits#compare-two-commits"",""status"":""404""}",2026-03-02T02:49:39Z,0
a61350096/vphone,main,,,,,feat/vphoned-modules-and-menus;swift-yyds,"{""message"":""No common ancestor between main and a61350096:main."",""documentation_url"":""https://docs.github.com/rest/commits/commits#compare-two-commits"",""status"":""404""}",2026-03-02T02:49:39Z,0
SongXiaoXi/vphone-cli,main,,,,,feat/vphoned-modules-and-menus;swift-yyds,"{""message"":""No common ancestor between main and SongXiaoXi:main."",""documentation_url"":""https://docs.github.com/rest/commits/commits#compare-two-commits"",""status"":""404""}",2026-03-02T07:38:08Z,0
feikang/vphone-cli,main,,,,,feat/vphoned-modules-and-menus;swift-yyds,"{""message"":""No common ancestor between main and feikang:main."",""documentation_url"":""https://docs.github.com/rest/commits/commits#compare-two-commits"",""status"":""404""}",2026-03-02T02:49:39Z,0
chenjiaming2qiqi/vphone-cli,main,,,,,feat/vphoned-modules-and-menus;swift-yyds,"{""message"":""No common ancestor between main and chenjiaming2qiqi:main."",""documentation_url"":""https://docs.github.com/rest/commits/commits#compare-two-commits"",""status"":""404""}",2026-03-02T02:49:39Z,0
ababcabcd/vphone-cli,main,,,,,feat/vphoned-modules-and-menus;swift-yyds,"{""message"":""No common ancestor between main and ababcabcd:main."",""documentation_url"":""https://docs.github.com/rest/commits/commits#compare-two-commits"",""status"":""404""}",2026-03-02T13:30:35Z,0
11210107/vphone-cli,main,,,,,feat/vphoned-modules-and-menus;swift-yyds,"{""message"":""No common ancestor between main and 11210107:main."",""documentation_url"":""https://docs.github.com/rest/commits/commits#compare-two-commits"",""status"":""404""}",2026-03-02T02:49:39Z,0
vancur2021/vphone-cli,main,,,,,feat/vphoned-modules-and-menus;swift-yyds,"{""message"":""No common ancestor between main and vancur2021:main."",""documentation_url"":""https://docs.github.com/rest/commits/commits#compare-two-commits"",""status"":""404""}",2026-03-02T02:49:39Z,0
Mayi21/vphone-cli,main,,,,,feat/vphoned-modules-and-menus;swift-yyds,"{""message"":""No common ancestor between main and Mayi21:main."",""documentation_url"":""https://docs.github.com/rest/commits/commits#compare-two-commits"",""status"":""404""}",2026-03-02T02:49:39Z,0
sqwu/vphone-cli,main,,,,,feat/vphoned-modules-and-menus;swift-yyds,"{""message"":""No common ancestor between main and sqwu:main."",""documentation_url"":""https://docs.github.com/rest/commits/commits#compare-two-commits"",""status"":""404""}",2026-03-02T02:49:39Z,0
Aaronjwork/vphone-cli,main,,,,,feat/vphoned-modules-and-menus;swift-yyds,"{""message"":""No common ancestor between main and Aaronjwork:main."",""documentation_url"":""https://docs.github.com/rest/commits/commits#compare-two-commits"",""status"":""404""}",2026-03-02T02:49:39Z,0
vincent861223/vphone-cli,main,,,,,feat/vphoned-modules-and-menus;swift-yyds,"{""message"":""No common ancestor between main and vincent861223:main."",""documentation_url"":""https://docs.github.com/rest/commits/commits#compare-two-commits"",""status"":""404""}",2026-03-02T02:49:39Z,0
morashad1010/vphone-cli,main,,,,,feat/vphoned-modules-and-menus;swift-yyds,"{""message"":""No common ancestor between main and morashad1010:main."",""documentation_url"":""https://docs.github.com/rest/commits/commits#compare-two-commits"",""status"":""404""}",2026-03-02T02:49:39Z,0
Ariza-ye/vphone-cli,main,,,,,feat/vphoned-modules-and-menus;swift-yyds,"{""message"":""No common ancestor between main and Ariza-ye:main."",""documentation_url"":""https://docs.github.com/rest/commits/commits#compare-two-commits"",""status"":""404""}",2026-03-02T02:49:39Z,0
sangxiaolong/vphone-cli,main,,,,,feat/vphoned-modules-and-menus;swift-yyds,"{""message"":""No common ancestor between main and sangxiaolong:main."",""documentation_url"":""https://docs.github.com/rest/commits/commits#compare-two-commits"",""status"":""404""}",2026-03-02T02:49:39Z,0
SteinX/vphone-cli,main,,,,,feat/vphoned-modules-and-menus;swift-yyds,"{""message"":""No common ancestor between main and SteinX:main."",""documentation_url"":""https://docs.github.com/rest/commits/commits#compare-two-commits"",""status"":""404""}",2026-03-02T02:49:39Z,0
tonyyou2025/vphone-cli,main,,,,,feat/vphoned-modules-and-menus;swift-yyds,"{""message"":""No common ancestor between main and tonyyou2025:main."",""documentation_url"":""https://docs.github.com/rest/commits/commits#compare-two-commits"",""status"":""404""}",2026-03-02T02:49:39Z,0
xiaowan108/vphone-cli,main,,,,,feat/vphoned-modules-and-menus;swift-yyds,"{""message"":""No common ancestor between main and xiaowan108:main."",""documentation_url"":""https://docs.github.com/rest/commits/commits#compare-two-commits"",""status"":""404""}",2026-03-02T02:49:39Z,0
Siaya/vphone-cli,main,,,,patches_jb_wip,feat/vphoned-modules-and-menus;swift-yyds,"{""message"":""No common ancestor between main and Siaya:main."",""documentation_url"":""https://docs.github.com/rest/commits/commits#compare-two-commits"",""status"":""404""}",2026-03-02T02:49:39Z,0
xshone/vphone-cli,main,,,,,feat/vphoned-modules-and-menus;swift-yyds,"{""message"":""No common ancestor between main and xshone:main."",""documentation_url"":""https://docs.github.com/rest/commits/commits#compare-two-commits"",""status"":""404""}",2026-03-02T02:49:39Z,0
xymelon/vphone-cli,main,,,,patches_jb_wip,feat/vphoned-modules-and-menus;swift-yyds,"{""message"":""No common ancestor between main and xymelon:main."",""documentation_url"":""https://docs.github.com/rest/commits/commits#compare-two-commits"",""status"":""404""}",2026-03-02T02:49:39Z,0
juexing1981/vphone-cli,main,,,,,feat/vphoned-modules-and-menus;swift-yyds,"{""message"":""No common ancestor between main and juexing1981:main."",""documentation_url"":""https://docs.github.com/rest/commits/commits#compare-two-commits"",""status"":""404""}",2026-03-02T02:49:39Z,0
youhun00/vphone-cli,main,,,,,feat/vphoned-modules-and-menus;swift-yyds,"{""message"":""No common ancestor between main and youhun00:main."",""documentation_url"":""https://docs.github.com/rest/commits/commits#compare-two-commits"",""status"":""404""}",2026-03-02T02:49:39Z,0
herbsun/vphone-cli,main,,,,,feat/vphoned-modules-and-menus;swift-yyds,"{""message"":""No common ancestor between main and herbsun:main."",""documentation_url"":""https://docs.github.com/rest/commits/commits#compare-two-commits"",""status"":""404""}",2026-03-02T02:49:39Z,0
softtip/vphone-cli,main,,,,,feat/vphoned-modules-and-menus;swift-yyds,"{""message"":""No common ancestor between main and softtip:main."",""documentation_url"":""https://docs.github.com/rest/commits/commits#compare-two-commits"",""status"":""404""}",2026-03-02T02:47:51Z,0
wuxiaolong183/vphone-cli,main,,,,,feat/vphoned-modules-and-menus;swift-yyds,"{""message"":""No common ancestor between main and wuxiaolong183:main."",""documentation_url"":""https://docs.github.com/rest/commits/commits#compare-two-commits"",""status"":""404""}",2026-03-02T02:46:30Z,0
baidan/vphone-cli,main,,,,,feat/vphoned-modules-and-menus;swift-yyds,"{""message"":""No common ancestor between main and baidan:main."",""documentation_url"":""https://docs.github.com/rest/commits/commits#compare-two-commits"",""status"":""404""}",2026-03-02T02:24:30Z,0
JiangLi23/vphone-cli,main,,,,patches_jb_wip,feat/vphoned-modules-and-menus;swift-yyds,"{""message"":""No common ancestor between main and JiangLi23:main."",""documentation_url"":""https://docs.github.com/rest/commits/commits#compare-two-commits"",""status"":""404""}",2026-03-02T02:24:30Z,0
janstilau/vphone-cli,main,,,,analysis,feat/vphoned-modules-and-menus;swift-yyds,"{""message"":""No common ancestor between main and janstilau:main."",""documentation_url"":""https://docs.github.com/rest/commits/commits#compare-two-commits"",""status"":""404""}",2026-03-02T12:12:16Z,0
emogh/vphone-cli,main,,,,,feat/vphoned-modules-and-menus;swift-yyds,"{""message"":""No common ancestor between main and emogh:main."",""documentation_url"":""https://docs.github.com/rest/commits/commits#compare-two-commits"",""status"":""404""}",2026-03-02T02:24:30Z,0
ficu71/vphone-cli,main,,,,,feat/vphoned-modules-and-menus;swift-yyds,"{""message"":""No common ancestor between main and ficu71:main."",""documentation_url"":""https://docs.github.com/rest/commits/commits#compare-two-commits"",""status"":""404""}",2026-03-02T02:24:30Z,0
airlsyn/vphone-cli,main,,,,patches_jb_wip,feat/vphoned-modules-and-menus;swift-yyds,"{""message"":""No common ancestor between main and airlsyn:main."",""documentation_url"":""https://docs.github.com/rest/commits/commits#compare-two-commits"",""status"":""404""}",2026-03-02T02:24:30Z,0
PRNDA/vphone-cli,main,,,,,feat/vphoned-modules-and-menus;swift-yyds,"{""message"":""No common ancestor between main and PRNDA:main."",""documentation_url"":""https://docs.github.com/rest/commits/commits#compare-two-commits"",""status"":""404""}",2026-03-01T16:56:44Z,0
YuKnight/vphone-cli,main,,,,patches_jb_wip,feat/vphoned-modules-and-menus;swift-yyds,"{""message"":""No common ancestor between main and YuKnight:main."",""documentation_url"":""https://docs.github.com/rest/commits/commits#compare-two-commits"",""status"":""404""}",2026-03-01T16:56:44Z,0
kisnows/vphone-cli,main,,,,,feat/vphoned-modules-and-menus;swift-yyds,"{""message"":""No common ancestor between main and kisnows:main."",""documentation_url"":""https://docs.github.com/rest/commits/commits#compare-two-commits"",""status"":""404""}",2026-03-01T16:56:44Z,0
shieldgold/vphone-cli,main,,,,,feat/vphoned-modules-and-menus;swift-yyds,"{""message"":""No common ancestor between main and shieldgold:main."",""documentation_url"":""https://docs.github.com/rest/commits/commits#compare-two-commits"",""status"":""404""}",2026-03-02T11:11:46Z,0
weihu120/vphone-cli,main,behind,0,38,patches_jb_wip,feat/vphoned-modules-and-menus;swift-yyds,,2026-03-22T03:41:55Z,0
moremorefun/vphone-cli,main,,,,patches_jb_wip,feat/vphoned-modules-and-menus;swift-yyds,"{""message"":""No common ancestor between main and moremorefun:main."",""documentation_url"":""https://docs.github.com/rest/commits/commits#compare-two-commits"",""status"":""404""}",2026-03-01T16:56:44Z,0
DanielYanZu/vphone-cli,main,,,,,feat/vphoned-modules-and-menus;swift-yyds,"{""message"":""No common ancestor between main and DanielYanZu:main."",""documentation_url"":""https://docs.github.com/rest/commits/commits#compare-two-commits"",""status"":""404""}",2026-03-01T16:56:44Z,0
BlaskStone/vphone-cli,main,,,,,feat/vphoned-modules-and-menus;swift-yyds,"{""message"":""No common ancestor between main and BlaskStone:main."",""documentation_url"":""https://docs.github.com/rest/commits/commits#compare-two-commits"",""status"":""404""}",2026-03-01T16:56:44Z,0
y1024/vphone-cli,main,,,,patches_jb_wip,feat/vphoned-modules-and-menus;swift-yyds,"{""message"":""No common ancestor between main and y1024:main."",""documentation_url"":""https://docs.github.com/rest/commits/commits#compare-two-commits"",""status"":""404""}",2026-03-02T13:35:33Z,0
chionyuan/vphone-cli,main,,,,,feat/vphoned-modules-and-menus;swift-yyds,"{""message"":""No common ancestor between main and chionyuan:main."",""documentation_url"":""https://docs.github.com/rest/commits/commits#compare-two-commits"",""status"":""404""}",2026-03-01T16:56:44Z,0
Imzpy/vphone-cli,main,behind,0,57,,feat/vphoned-modules-and-menus;swift-yyds,,2026-03-12T07:43:33Z,0
fisher158163/vphone-cli,main,,,,,feat/vphoned-modules-and-menus;swift-yyds,"{""message"":""No common ancestor between main and fisher158163:main."",""documentation_url"":""https://docs.github.com/rest/commits/commits#compare-two-commits"",""status"":""404""}",2026-03-01T16:56:44Z,1
TeBoxx/vphone-cli,main,,,,,feat/vphoned-modules-and-menus;swift-yyds,"{""message"":""No common ancestor between main and TeBoxx:main."",""documentation_url"":""https://docs.github.com/rest/commits/commits#compare-two-commits"",""status"":""404""}",2026-03-01T16:56:44Z,0
yinrun/vphone-cli,main,,,,,feat/vphoned-modules-and-menus;swift-yyds,"{""message"":""No common ancestor between main and yinrun:main."",""documentation_url"":""https://docs.github.com/rest/commits/commits#compare-two-commits"",""status"":""404""}",2026-03-01T16:56:44Z,0
259971/vphone-cli,main,,,,,feat/vphoned-modules-and-menus;swift-yyds,"{""message"":""No common ancestor between main and 259971:main."",""documentation_url"":""https://docs.github.com/rest/commits/commits#compare-two-commits"",""status"":""404""}",2026-03-01T16:56:44Z,0
zilogo/vphone-cli,main,,,,patches_jb_wip,feat/vphoned-modules-and-menus;swift-yyds,"{""message"":""No common ancestor between main and zilogo:main."",""documentation_url"":""https://docs.github.com/rest/commits/commits#compare-two-commits"",""status"":""404""}",2026-03-01T16:56:44Z,0
GosbyQin/vphone-cli,main,,,,,feat/vphoned-modules-and-menus;swift-yyds,"{""message"":""No common ancestor between main and GosbyQin:main."",""documentation_url"":""https://docs.github.com/rest/commits/commits#compare-two-commits"",""status"":""404""}",2026-03-01T16:56:44Z,0
Formerly/vphone-cli,main,,,,,feat/vphoned-modules-and-menus;swift-yyds,"{""message"":""No common ancestor between main and Formerly:main."",""documentation_url"":""https://docs.github.com/rest/commits/commits#compare-two-commits"",""status"":""404""}",2026-03-01T16:56:44Z,0
unknown0xff/vphone-cli,main,behind,0,83,patches_jb_wip,feat/vphoned-modules-and-menus;swift-yyds,,2026-03-09T11:17:22Z,0
watchnight/vphone-cli,main,,,,,feat/vphoned-modules-and-menus;swift-yyds,"{""message"":""No common ancestor between main and watchnight:main."",""documentation_url"":""https://docs.github.com/rest/commits/commits#compare-two-commits"",""status"":""404""}",2026-03-01T16:56:44Z,0
zhanghaonan11/vphone-cli,main,,,,,feat/vphoned-modules-and-menus;swift-yyds,"{""message"":""No common ancestor between main and zhanghaonan11:main."",""documentation_url"":""https://docs.github.com/rest/commits/commits#compare-two-commits"",""status"":""404""}",2026-03-01T16:56:44Z,0
libin0396/vphone-cli,main,,,,,feat/vphoned-modules-and-menus;swift-yyds,"{""message"":""No common ancestor between main and libin0396:main."",""documentation_url"":""https://docs.github.com/rest/commits/commits#compare-two-commits"",""status"":""404""}",2026-03-01T16:56:44Z,0
haoge1214/vphone-cli,main,,,,patches_jb_wip,feat/vphoned-modules-and-menus;swift-yyds,"{""message"":""No common ancestor between main and haoge1214:main."",""documentation_url"":""https://docs.github.com/rest/commits/commits#compare-two-commits"",""status"":""404""}",2026-03-01T16:56:44Z,0
ssolifd/vphone-cli,main,,,,,feat/vphoned-modules-and-menus;swift-yyds,"{""message"":""No common ancestor between main and ssolifd:main."",""documentation_url"":""https://docs.github.com/rest/commits/commits#compare-two-commits"",""status"":""404""}",2026-03-01T16:56:44Z,0
ifquant/vphone-cli,main,,,,,feat/vphoned-modules-and-menus;swift-yyds,"{""message"":""No common ancestor between main and ifquant:main."",""documentation_url"":""https://docs.github.com/rest/commits/commits#compare-two-commits"",""status"":""404""}",2026-03-01T16:56:44Z,0
baifengbai/iphone_mac,main,,,,,feat/vphoned-modules-and-menus;swift-yyds,"{""message"":""No common ancestor between main and baifengbai:main."",""documentation_url"":""https://docs.github.com/rest/commits/commits#compare-two-commits"",""status"":""404""}",2026-03-01T16:56:44Z,0
ChengFai/vphone-cli,main,,,,,feat/vphoned-modules-and-menus;swift-yyds,"{""message"":""No common ancestor between main and ChengFai:main."",""documentation_url"":""https://docs.github.com/rest/commits/commits#compare-two-commits"",""status"":""404""}",2026-03-01T16:56:44Z,0
Donzhu2020/vphone-cli,main,,,,,feat/vphoned-modules-and-menus;swift-yyds,"{""message"":""No common ancestor between main and Donzhu2020:main."",""documentation_url"":""https://docs.github.com/rest/commits/commits#compare-two-commits"",""status"":""404""}",2026-03-01T16:56:44Z,0
charmgene/vphone-cli,main,,,,,feat/vphoned-modules-and-menus;swift-yyds,"{""message"":""No common ancestor between main and charmgene:main."",""documentation_url"":""https://docs.github.com/rest/commits/commits#compare-two-commits"",""status"":""404""}",2026-03-01T16:56:44Z,0
chameloen/vphone-cli,main,,,,,feat/vphoned-modules-and-menus;swift-yyds,"{""message"":""No common ancestor between main and chameloen:main."",""documentation_url"":""https://docs.github.com/rest/commits/commits#compare-two-commits"",""status"":""404""}",2026-03-02T15:20:35Z,0
h2oat0c32f/vphone-cli-f,main,,,,,feat/vphoned-modules-and-menus;swift-yyds,"{""message"":""No common ancestor between main and h2oat0c32f:main."",""documentation_url"":""https://docs.github.com/rest/commits/commits#compare-two-commits"",""status"":""404""}",2026-03-01T16:56:44Z,0
kasimok/vphone-cli,main,,,,,feat/vphoned-modules-and-menus;swift-yyds,"{""message"":""No common ancestor between main and kasimok:main."",""documentation_url"":""https://docs.github.com/rest/commits/commits#compare-two-commits"",""status"":""404""}",2026-03-01T16:56:44Z,0
xixikotete/vphone-cli,main,,,,,feat/vphoned-modules-and-menus;swift-yyds,"{""message"":""No common ancestor between main and xixikotete:main."",""documentation_url"":""https://docs.github.com/rest/commits/commits#compare-two-commits"",""status"":""404""}",2026-03-01T16:56:44Z,0
gqfjob/vphone-cli,main,,,,,feat/vphoned-modules-and-menus;swift-yyds,"{""message"":""No common ancestor between main and gqfjob:main."",""documentation_url"":""https://docs.github.com/rest/commits/commits#compare-two-commits"",""status"":""404""}",2026-03-01T16:56:44Z,0
Anla2z/vphone-cli,main,,,,,feat/vphoned-modules-and-menus;swift-yyds,"{""message"":""No common ancestor between main and Anla2z:main."",""documentation_url"":""https://docs.github.com/rest/commits/commits#compare-two-commits"",""status"":""404""}",2026-03-01T16:56:44Z,0
Ricky-v2v/vphone-cli,main,,,,,feat/vphoned-modules-and-menus;swift-yyds,"{""message"":""No common ancestor between main and Ricky-v2v:main."",""documentation_url"":""https://docs.github.com/rest/commits/commits#compare-two-commits"",""status"":""404""}",2026-03-01T16:56:44Z,0
imatrixme/vphone-cli,main,,,,patches_jb_wip,feat/vphoned-modules-and-menus;swift-yyds,"{""message"":""No common ancestor between main and imatrixme:main."",""documentation_url"":""https://docs.github.com/rest/commits/commits#compare-two-commits"",""status"":""404""}",2026-03-03T15:07:25Z,0
macnversion/vphone-cli,main,,,,,feat/vphoned-modules-and-menus;swift-yyds,"{""message"":""No common ancestor between main and macnversion:main."",""documentation_url"":""https://docs.github.com/rest/commits/commits#compare-two-commits"",""status"":""404""}",2026-03-01T16:56:44Z,0
ThinkagentAi/vphone-cli,main,,,,,feat/vphoned-modules-and-menus;swift-yyds,"{""message"":""No common ancestor between main and ThinkagentAi:main."",""documentation_url"":""https://docs.github.com/rest/commits/commits#compare-two-commits"",""status"":""404""}",2026-03-01T16:56:44Z,0
jeffhsu-chiuchau/vphone-cli,main,,,,,feat/vphoned-modules-and-menus;swift-yyds,"{""message"":""No common ancestor between main and jeffhsu-chiuchau:main."",""documentation_url"":""https://docs.github.com/rest/commits/commits#compare-two-commits"",""status"":""404""}",2026-03-01T16:56:44Z,0
hiboydidi/vphone-cli,main,,,,,feat/vphoned-modules-and-menus;swift-yyds,"{""message"":""No common ancestor between main and hiboydidi:main."",""documentation_url"":""https://docs.github.com/rest/commits/commits#compare-two-commits"",""status"":""404""}",2026-03-01T16:56:44Z,0
andrew-new/vphone-cli,main,,,,,feat/vphoned-modules-and-menus;swift-yyds,"{""message"":""No common ancestor between main and andrew-new:main."",""documentation_url"":""https://docs.github.com/rest/commits/commits#compare-two-commits"",""status"":""404""}",2026-03-01T16:56:44Z,0
young-peng/vphone-cli,main,,,,,feat/vphoned-modules-and-menus;swift-yyds,"{""message"":""No common ancestor between main and young-peng:main."",""documentation_url"":""https://docs.github.com/rest/commits/commits#compare-two-commits"",""status"":""404""}",2026-03-01T16:56:44Z,0
Ukenn2112/vphone-cli,main,,,,patches_jb_wip,feat/vphoned-modules-and-menus;swift-yyds,"{""message"":""No common ancestor between main and Ukenn2112:main."",""documentation_url"":""https://docs.github.com/rest/commits/commits#compare-two-commits"",""status"":""404""}",2026-03-01T16:56:44Z,0
MichaelC001/vphone-cli,main,,,,patches_jb_wip,feat/vphoned-modules-and-menus;swift-yyds,"{""message"":""No common ancestor between main and MichaelC001:main."",""documentation_url"":""https://docs.github.com/rest/commits/commits#compare-two-commits"",""status"":""404""}",2026-03-01T16:56:44Z,0
china-zoro/vphone-cli,main,,,,,feat/vphoned-modules-and-menus;swift-yyds,"{""message"":""No common ancestor between main and china-zoro:main."",""documentation_url"":""https://docs.github.com/rest/commits/commits#compare-two-commits"",""status"":""404""}",2026-03-01T16:56:44Z,0
diciky/vphone-cli,main,,,,,feat/vphoned-modules-and-menus;swift-yyds,"{""message"":""No common ancestor between main and diciky:main."",""documentation_url"":""https://docs.github.com/rest/commits/commits#compare-two-commits"",""status"":""404""}",2026-03-01T16:56:44Z,0
aresbit/viphone-cli,main,,,,,feat/vphoned-modules-and-menus;swift-yyds,"{""message"":""No common ancestor between main and aresbit:main."",""documentation_url"":""https://docs.github.com/rest/commits/commits#compare-two-commits"",""status"":""404""}",2026-03-01T16:56:44Z,0
CairoLee/vphone-cli,main,,,,patches_jb_wip,feat/vphoned-modules-and-menus;swift-yyds,"{""message"":""No common ancestor between main and CairoLee:main."",""documentation_url"":""https://docs.github.com/rest/commits/commits#compare-two-commits"",""status"":""404""}",2026-03-01T16:56:44Z,0
jx0923/vphone-cli,main,,,,,feat/vphoned-modules-and-menus;swift-yyds,"{""message"":""No common ancestor between main and jx0923:main."",""documentation_url"":""https://docs.github.com/rest/commits/commits#compare-two-commits"",""status"":""404""}",2026-03-01T16:56:44Z,0
TastyHeadphones/vphone-cli,main,behind,0,38,codex/accessibility-capability-gating;codex/apps-open-url-capability-gating;codex/apps-reconnect-refresh;codex/boot-install-ipa-validate;codex/build-preserve-swift-failure;codex/cfw-install-ssh-ready-preflight;codex/connect-menu-gating;codex/control-handshake-timeout;codex/control-request-timeout-cancel;codex/fw-prepare-cloudos-cache-key;codex/install-ipa-capability-gating;codex/install-menu-gating;codex/install-tipa-success-feedback;codex/location-presets-route-replay;codex/macos15-preflight;codex/network-link-conditioner;codex/preflight-no-tty-fallback;codex/record-always-capture-vm-window;codex/record-show-saved-path;codex/setup-docs-aria2c;codex/setup-machine-errexit-arith;codex/setup-machine-lock-preflight;codex/setup-machine-preflight;codex/setup-machine-ramdisk-panic-detect;codex/setup-machine-ssh-readiness;codex/tool-compat-preflight;codex/vm-restore-switch-name-validation,feat/vphoned-modules-and-menus;swift-yyds,,2026-03-20T02:08:56Z,1
Colin6618/vphone-cli,main,,,,,feat/vphoned-modules-and-menus;swift-yyds,"{""message"":""No common ancestor between main and Colin6618:main."",""documentation_url"":""https://docs.github.com/rest/commits/commits#compare-two-commits"",""status"":""404""}",2026-03-01T16:56:44Z,0
gao0926/vphone-cli,main,,,,,feat/vphoned-modules-and-menus;swift-yyds,"{""message"":""No common ancestor between main and gao0926:main."",""documentation_url"":""https://docs.github.com/rest/commits/commits#compare-two-commits"",""status"":""404""}",2026-03-01T16:56:44Z,0
leodknuth/vphone-cli,main,,,,,feat/vphoned-modules-and-menus;swift-yyds,"{""message"":""No common ancestor between main and leodknuth:main."",""documentation_url"":""https://docs.github.com/rest/commits/commits#compare-two-commits"",""status"":""404""}",2026-03-01T16:56:44Z,0
bskcc/vphone-cli,main,,,,,feat/vphoned-modules-and-menus;swift-yyds,"{""message"":""No common ancestor between main and bskcc:main."",""documentation_url"":""https://docs.github.com/rest/commits/commits#compare-two-commits"",""status"":""404""}",2026-03-01T16:56:44Z,0
Dyl777/vphone-cli,main,,,,,feat/vphoned-modules-and-menus;swift-yyds,"{""message"":""No common ancestor between main and Dyl777:main."",""documentation_url"":""https://docs.github.com/rest/commits/commits#compare-two-commits"",""status"":""404""}",2026-03-01T16:56:44Z,0
Simon202410/vphone-cli,main,,,,,feat/vphoned-modules-and-menus;swift-yyds,"{""message"":""No common ancestor between main and Simon202410:main."",""documentation_url"":""https://docs.github.com/rest/commits/commits#compare-two-commits"",""status"":""404""}",2026-03-01T16:56:44Z,0
elvisxu/vphone-cli,main,,,,,feat/vphoned-modules-and-menus;swift-yyds,"{""message"":""No common ancestor between main and elvisxu:main."",""documentation_url"":""https://docs.github.com/rest/commits/commits#compare-two-commits"",""status"":""404""}",2026-03-01T16:56:44Z,0
kacyyang/vphone-cli,main,,,,,feat/vphoned-modules-and-menus;swift-yyds,"{""message"":""No common ancestor between main and kacyyang:main."",""documentation_url"":""https://docs.github.com/rest/commits/commits#compare-two-commits"",""status"":""404""}",2026-03-01T16:56:44Z,0
Darktt/vphone-cli,main,,,,,feat/vphoned-modules-and-menus;swift-yyds,"{""message"":""No common ancestor between main and Darktt:main."",""documentation_url"":""https://docs.github.com/rest/commits/commits#compare-two-commits"",""status"":""404""}",2026-03-01T16:56:44Z,0
OCWC22/vphone-cli,main,behind,0,69,claude/repo-technical-breakdown-N1Q0h,feat/vphoned-modules-and-menus;swift-yyds,,2026-03-11T05:07:03Z,0
signingup/vphone-cli,main,,,,patches_jb_wip,feat/vphoned-modules-and-menus;swift-yyds,"{""message"":""No common ancestor between main and signingup:main."",""documentation_url"":""https://docs.github.com/rest/commits/commits#compare-two-commits"",""status"":""404""}",2026-03-01T16:56:44Z,0
martin-cao/vphone-cli,main,,,,patches_jb_wip,feat/vphoned-modules-and-menus;swift-yyds,"{""message"":""No common ancestor between main and martin-cao:main."",""documentation_url"":""https://docs.github.com/rest/commits/commits#compare-two-commits"",""status"":""404""}",2026-03-01T16:56:44Z,0
qqke/vphone-cli,main,,,,,feat/vphoned-modules-and-menus;swift-yyds,"{""message"":""No common ancestor between main and qqke:main."",""documentation_url"":""https://docs.github.com/rest/commits/commits#compare-two-commits"",""status"":""404""}",2026-03-01T16:56:44Z,0
debugEagle/vphone-cli,main,,,,,feat/vphoned-modules-and-menus;swift-yyds,"{""message"":""No common ancestor between main and debugEagle:main."",""documentation_url"":""https://docs.github.com/rest/commits/commits#compare-two-commits"",""status"":""404""}",2026-03-01T16:56:44Z,0
indigocloudx/vphone-cli,main,,,,patches_jb_wip,feat/vphoned-modules-and-menus;swift-yyds,"{""message"":""No common ancestor between main and indigocloudx:main."",""documentation_url"":""https://docs.github.com/rest/commits/commits#compare-two-commits"",""status"":""404""}",2026-03-01T16:56:44Z,0
webcpu/vphone-cli,main,,,,patches_jb_wip,feat/vphoned-modules-and-menus;swift-yyds,"{""message"":""No common ancestor between main and webcpu:main."",""documentation_url"":""https://docs.github.com/rest/commits/commits#compare-two-commits"",""status"":""404""}",2026-03-02T07:49:44Z,0
tinydream96/vphone-cli,main,,,,,feat/vphoned-modules-and-menus;swift-yyds,"{""message"":""No common ancestor between main and tinydream96:main."",""documentation_url"":""https://docs.github.com/rest/commits/commits#compare-two-commits"",""status"":""404""}",2026-03-01T16:56:44Z,0
icew4y/vphone-cli,main,,,,,feat/vphoned-modules-and-menus;swift-yyds,"{""message"":""No common ancestor between main and icew4y:main."",""documentation_url"":""https://docs.github.com/rest/commits/commits#compare-two-commits"",""status"":""404""}",2026-03-01T16:56:44Z,0
sipeter/vphone-cli,main,,,,,feat/vphoned-modules-and-menus;swift-yyds,"{""message"":""No common ancestor between main and sipeter:main."",""documentation_url"":""https://docs.github.com/rest/commits/commits#compare-two-commits"",""status"":""404""}",2026-03-01T16:56:44Z,0
cheesygrin/vphone-cli,main,,,,,feat/vphoned-modules-and-menus;swift-yyds,"{""message"":""No common ancestor between main and cheesygrin:main."",""documentation_url"":""https://docs.github.com/rest/commits/commits#compare-two-commits"",""status"":""404""}",2026-03-01T16:56:44Z,0
jik92/vphone-cli,main,,,,,feat/vphoned-modules-and-menus;swift-yyds,"{""message"":""No common ancestor between main and jik92:main."",""documentation_url"":""https://docs.github.com/rest/commits/commits#compare-two-commits"",""status"":""404""}",2026-03-01T16:56:44Z,0
Guo-astro/vphone-cli,main,,,,,feat/vphoned-modules-and-menus;swift-yyds,"{""message"":""No common ancestor between main and Guo-astro:main."",""documentation_url"":""https://docs.github.com/rest/commits/commits#compare-two-commits"",""status"":""404""}",2026-03-01T16:56:44Z,0
wei-telana/vphone-cli,main,,,,,feat/vphoned-modules-and-menus;swift-yyds,"{""message"":""No common ancestor between main and wei-telana:main."",""documentation_url"":""https://docs.github.com/rest/commits/commits#compare-two-commits"",""status"":""404""}",2026-03-01T16:56:44Z,0
Keimoshi/vphone-cli,main,,,,,feat/vphoned-modules-and-menus;swift-yyds,"{""message"":""No common ancestor between main and Keimoshi:main."",""documentation_url"":""https://docs.github.com/rest/commits/commits#compare-two-commits"",""status"":""404""}",2026-03-01T16:56:44Z,0
massif-01/vphone-cli,main,,,,,feat/vphoned-modules-and-menus;swift-yyds,"{""message"":""No common ancestor between main and massif-01:main."",""documentation_url"":""https://docs.github.com/rest/commits/commits#compare-two-commits"",""status"":""404""}",2026-03-01T16:56:44Z,0
ChenyqThu/vphone-cli,main,,,,,feat/vphoned-modules-and-menus;swift-yyds,"{""message"":""No common ancestor between main and ChenyqThu:main."",""documentation_url"":""https://docs.github.com/rest/commits/commits#compare-two-commits"",""status"":""404""}",2026-03-01T16:56:44Z,0
siutin/vphone-cli,main,,,,,feat/vphoned-modules-and-menus;swift-yyds,"{""message"":""No common ancestor between main and siutin:main."",""documentation_url"":""https://docs.github.com/rest/commits/commits#compare-two-commits"",""status"":""404""}",2026-03-01T16:56:44Z,0
JoeyPenis/vphone-cli,main,,,,,feat/vphoned-modules-and-menus;swift-yyds,"{""message"":""No common ancestor between main and JoeyPenis:main."",""documentation_url"":""https://docs.github.com/rest/commits/commits#compare-two-commits"",""status"":""404""}",2026-03-01T16:56:44Z,0
oldharrywang/vphone-cli,main,,,,,feat/vphoned-modules-and-menus;swift-yyds,"{""message"":""No common ancestor between main and oldharrywang:main."",""documentation_url"":""https://docs.github.com/rest/commits/commits#compare-two-commits"",""status"":""404""}",2026-03-01T16:56:44Z,0
minisnow-jpg/vphone-cli,main,,,,patches_jb_wip,feat/vphoned-modules-and-menus;swift-yyds,"{""message"":""No common ancestor between main and minisnow-jpg:main."",""documentation_url"":""https://docs.github.com/rest/commits/commits#compare-two-commits"",""status"":""404""}",2026-03-01T16:56:44Z,0
CrazyForks/vphone-cli,main,,,,patches_jb_wip,feat/vphoned-modules-and-menus;swift-yyds,"{""message"":""No common ancestor between main and CrazyForks:main."",""documentation_url"":""https://docs.github.com/rest/commits/commits#compare-two-commits"",""status"":""404""}",2026-03-02T14:57:35Z,0
Ry7no/vphone-cli,main,,,,,feat/vphoned-modules-and-menus;swift-yyds,"{""message"":""No common ancestor between main and Ry7no:main."",""documentation_url"":""https://docs.github.com/rest/commits/commits#compare-two-commits"",""status"":""404""}",2026-03-01T16:56:44Z,0
yangxing87/vphone-cli,main,,,,,feat/vphoned-modules-and-menus;swift-yyds,"{""message"":""No common ancestor between main and yangxing87:main."",""documentation_url"":""https://docs.github.com/rest/commits/commits#compare-two-commits"",""status"":""404""}",2026-03-01T16:56:44Z,0
hanhanliuyue/vphone-cli,main,,,,,feat/vphoned-modules-and-menus;swift-yyds,"{""message"":""No common ancestor between main and hanhanliuyue:main."",""documentation_url"":""https://docs.github.com/rest/commits/commits#compare-two-commits"",""status"":""404""}",2026-03-01T16:56:44Z,0
3h2oto/vphone-cli,main,,,,,feat/vphoned-modules-and-menus;swift-yyds,"{""message"":""No common ancestor between main and 3h2oto:main."",""documentation_url"":""https://docs.github.com/rest/commits/commits#compare-two-commits"",""status"":""404""}",2026-03-01T16:56:44Z,0
conversun/vphone-cli,main,,,,,feat/vphoned-modules-and-menus;swift-yyds,"{""message"":""No common ancestor between main and conversun:main."",""documentation_url"":""https://docs.github.com/rest/commits/commits#compare-two-commits"",""status"":""404""}",2026-03-01T16:56:44Z,0
adad184/vphone-cli,main,,,,,feat/vphoned-modules-and-menus;swift-yyds,"{""message"":""No common ancestor between main and adad184:main."",""documentation_url"":""https://docs.github.com/rest/commits/commits#compare-two-commits"",""status"":""404""}",2026-03-01T16:56:44Z,0
usrnameeqnull/vphone-cli,main,,,,,feat/vphoned-modules-and-menus;swift-yyds,"{""message"":""No common ancestor between main and usrnameeqnull:main."",""documentation_url"":""https://docs.github.com/rest/commits/commits#compare-two-commits"",""status"":""404""}",2026-03-01T16:56:44Z,0
Wanglaisi/vphone-cli,main,,,,,feat/vphoned-modules-and-menus;swift-yyds,"{""message"":""No common ancestor between main and Wanglaisi:main."",""documentation_url"":""https://docs.github.com/rest/commits/commits#compare-two-commits"",""status"":""404""}",2026-03-01T16:56:44Z,0
GreenJoson/vphone-cli,main,,,,,feat/vphoned-modules-and-menus;swift-yyds,"{""message"":""No common ancestor between main and GreenJoson:main."",""documentation_url"":""https://docs.github.com/rest/commits/commits#compare-two-commits"",""status"":""404""}",2026-03-01T16:56:44Z,0
st4kc/vphone-cli,main,,,,,feat/vphoned-modules-and-menus;swift-yyds,"{""message"":""No common ancestor between main and st4kc:main."",""documentation_url"":""https://docs.github.com/rest/commits/commits#compare-two-commits"",""status"":""404""}",2026-03-01T16:56:44Z,0
Watchyourback/vphone-cli,main,,,,patches_jb_wip,feat/vphoned-modules-and-menus;swift-yyds,"{""message"":""No common ancestor between main and Watchyourback:main."",""documentation_url"":""https://docs.github.com/rest/commits/commits#compare-two-commits"",""status"":""404""}",2026-03-01T16:56:44Z,0
face-ai/vphone-cli,main,,,,patches_jb_wip,feat/vphoned-modules-and-menus;swift-yyds,"{""message"":""No common ancestor between main and face-ai:main."",""documentation_url"":""https://docs.github.com/rest/commits/commits#compare-two-commits"",""status"":""404""}",2026-03-01T16:56:44Z,0
VibeWhip/vphone-cli,main,,,,,feat/vphoned-modules-and-menus;swift-yyds,"{""message"":""No common ancestor between main and VibeWhip:main."",""documentation_url"":""https://docs.github.com/rest/commits/commits#compare-two-commits"",""status"":""404""}",2026-03-01T16:56:44Z,0
Entropy-Xu/vphone-cli,main,diverged,63,212,,feat/vphoned-modules-and-menus;swift-yyds,,2026-03-05T17:46:18Z,0
jarryji/vphone-cli,main,,,,,feat/vphoned-modules-and-menus;swift-yyds,"{""message"":""No common ancestor between main and jarryji:main."",""documentation_url"":""https://docs.github.com/rest/commits/commits#compare-two-commits"",""status"":""404""}",2026-03-01T16:56:44Z,0
kaina404/vphone-cli,main,,,,,feat/vphoned-modules-and-menus;swift-yyds,"{""message"":""No common ancestor between main and kaina404:main."",""documentation_url"":""https://docs.github.com/rest/commits/commits#compare-two-commits"",""status"":""404""}",2026-03-01T16:56:44Z,0
mushroom11s/vphone-cli,main,,,,patches_jb_wip,feat/vphoned-modules-and-menus;swift-yyds,"{""message"":""No common ancestor between main and mushroom11s:main."",""documentation_url"":""https://docs.github.com/rest/commits/commits#compare-two-commits"",""status"":""404""}",2026-03-01T16:56:44Z,0
winteriscome/vphone-cli,main,,,,,feat/vphoned-modules-and-menus;swift-yyds,"{""message"":""No common ancestor between main and winteriscome:main."",""documentation_url"":""https://docs.github.com/rest/commits/commits#compare-two-commits"",""status"":""404""}",2026-03-01T16:56:44Z,0
MikeJackOne/vphone-cli,main,,,,,feat/vphoned-modules-and-menus;swift-yyds,"{""message"":""No common ancestor between main and MikeJackOne:main."",""documentation_url"":""https://docs.github.com/rest/commits/commits#compare-two-commits"",""status"":""404""}",2026-03-01T16:56:44Z,0
superido245w/vphone-cli,main,,,,,feat/vphoned-modules-and-menus;swift-yyds,"{""message"":""No common ancestor between main and superido245w:main."",""documentation_url"":""https://docs.github.com/rest/commits/commits#compare-two-commits"",""status"":""404""}",2026-03-01T16:56:44Z,0
codemkt/vphone-cli,main,,,,,feat/vphoned-modules-and-menus;swift-yyds,"{""message"":""No common ancestor between main and codemkt:main."",""documentation_url"":""https://docs.github.com/rest/commits/commits#compare-two-commits"",""status"":""404""}",2026-03-01T16:56:44Z,0
icemanyu2018/vphone-cli,main,,,,,feat/vphoned-modules-and-menus;swift-yyds,"{""message"":""No common ancestor between main and icemanyu2018:main."",""documentation_url"":""https://docs.github.com/rest/commits/commits#compare-two-commits"",""status"":""404""}",2026-03-01T15:28:30Z,0
Bainianbai/vphone-cli,main,,,,,feat/vphoned-modules-and-menus;swift-yyds,"{""message"":""No common ancestor between main and Bainianbai:main."",""documentation_url"":""https://docs.github.com/rest/commits/commits#compare-two-commits"",""status"":""404""}",2026-03-01T15:28:30Z,0
miounet11/vphone-cli,main,,,,,feat/vphoned-modules-and-menus;swift-yyds,"{""message"":""No common ancestor between main and miounet11:main."",""documentation_url"":""https://docs.github.com/rest/commits/commits#compare-two-commits"",""status"":""404""}",2026-03-01T15:28:30Z,0
qq36545/vphone-cli,main,,,,,feat/vphoned-modules-and-menus;swift-yyds,"{""message"":""No common ancestor between main and qq36545:main."",""documentation_url"":""https://docs.github.com/rest/commits/commits#compare-two-commits"",""status"":""404""}",2026-03-01T15:28:30Z,0
hsularry7-ai/vphone-cli,main,,,,,feat/vphoned-modules-and-menus;swift-yyds,"{""message"":""No common ancestor between main and hsularry7-ai:main."",""documentation_url"":""https://docs.github.com/rest/commits/commits#compare-two-commits"",""status"":""404""}",2026-03-01T15:28:30Z,0
venkic/vphone-cli,main,,,,,feat/vphoned-modules-and-menus;swift-yyds,"{""message"":""No common ancestor between main and venkic:main."",""documentation_url"":""https://docs.github.com/rest/commits/commits#compare-two-commits"",""status"":""404""}",2026-03-01T15:28:30Z,0
Ancienttwo/vphone-cli,main,,,,,feat/vphoned-modules-and-menus;swift-yyds,"{""message"":""No common ancestor between main and Ancienttwo:main."",""documentation_url"":""https://docs.github.com/rest/commits/commits#compare-two-commits"",""status"":""404""}",2026-03-01T15:28:30Z,0
TonyXiang007/vphone-cli,main,,,,,feat/vphoned-modules-and-menus;swift-yyds,"{""message"":""No common ancestor between main and TonyXiang007:main."",""documentation_url"":""https://docs.github.com/rest/commits/commits#compare-two-commits"",""status"":""404""}",2026-03-01T15:28:30Z,0
inezxc/vphone-cli,main,,,,,feat/vphoned-modules-and-menus;swift-yyds,"{""message"":""No common ancestor between main and inezxc:main."",""documentation_url"":""https://docs.github.com/rest/commits/commits#compare-two-commits"",""status"":""404""}",2026-03-01T15:28:30Z,0
OG-Max/vphone-cli,main,,,,,feat/vphoned-modules-and-menus;swift-yyds,"{""message"":""No common ancestor between main and OG-Max:main."",""documentation_url"":""https://docs.github.com/rest/commits/commits#compare-two-commits"",""status"":""404""}",2026-03-01T15:28:30Z,0
wbaby/vphone-cli,main,,,,patches_jb_wip,feat/vphoned-modules-and-menus;swift-yyds,"{""message"":""No common ancestor between main and wbaby:main."",""documentation_url"":""https://docs.github.com/rest/commits/commits#compare-two-commits"",""status"":""404""}",2026-03-01T15:28:30Z,0
itchenfei/vphone-cli,main,,,,,feat/vphoned-modules-and-menus;swift-yyds,"{""message"":""No common ancestor between main and itchenfei:main."",""documentation_url"":""https://docs.github.com/rest/commits/commits#compare-two-commits"",""status"":""404""}",2026-03-01T15:28:30Z,0
924060929/vphone-cli,main,,,,,feat/vphoned-modules-and-menus;swift-yyds,"{""message"":""No common ancestor between main and 924060929:main."",""documentation_url"":""https://docs.github.com/rest/commits/commits#compare-two-commits"",""status"":""404""}",2026-03-01T15:28:30Z,0
ohdarling/vphone-cli,main,,,,patches_jb_wip,feat/vphoned-modules-and-menus;swift-yyds,"{""message"":""No common ancestor between main and ohdarling:main."",""documentation_url"":""https://docs.github.com/rest/commits/commits#compare-two-commits"",""status"":""404""}",2026-03-01T15:28:30Z,0
ALanchl/vphone-cli,main,,,,,feat/vphoned-modules-and-menus;swift-yyds,"{""message"":""No common ancestor between main and ALanchl:main."",""documentation_url"":""https://docs.github.com/rest/commits/commits#compare-two-commits"",""status"":""404""}",2026-03-01T15:28:30Z,0
gmh5225/vphone-cli,main,,,,patches_jb_wip,feat/vphoned-modules-and-menus;swift-yyds,"{""message"":""No common ancestor between main and gmh5225:main."",""documentation_url"":""https://docs.github.com/rest/commits/commits#compare-two-commits"",""status"":""404""}",2026-03-01T15:28:30Z,0
pengxin0320/vphone-cli,main,behind,0,18,,feat/vphoned-modules-and-menus;swift-yyds,,2026-04-11T14:59:39Z,0
fengluo/vphone-cli,main,,,,,feat/vphoned-modules-and-menus;swift-yyds,"{""message"":""No common ancestor between main and fengluo:main."",""documentation_url"":""https://docs.github.com/rest/commits/commits#compare-two-commits"",""status"":""404""}",2026-03-01T15:28:30Z,0
rockrong89/vphone-cli,main,,,,,feat/vphoned-modules-and-menus;swift-yyds,"{""message"":""No common ancestor between main and rockrong89:main."",""documentation_url"":""https://docs.github.com/rest/commits/commits#compare-two-commits"",""status"":""404""}",2026-03-01T15:28:30Z,0
907064772/vphone-cli,main,,,,,feat/vphoned-modules-and-menus;swift-yyds,"{""message"":""No common ancestor between main and 907064772:main."",""documentation_url"":""https://docs.github.com/rest/commits/commits#compare-two-commits"",""status"":""404""}",2026-03-01T15:28:30Z,0
popufig/vphone-cli,main,,,,,feat/vphoned-modules-and-menus;swift-yyds,"{""message"":""No common ancestor between main and popufig:main."",""documentation_url"":""https://docs.github.com/rest/commits/commits#compare-two-commits"",""status"":""404""}",2026-03-01T15:28:30Z,0
Tamrac-web/vphone-cli,main,,,,,feat/vphoned-modules-and-menus;swift-yyds,"{""message"":""No common ancestor between main and Tamrac-web:main."",""documentation_url"":""https://docs.github.com/rest/commits/commits#compare-two-commits"",""status"":""404""}",2026-03-01T15:28:30Z,0
verseboys/vphone-cli,main,,,,,feat/vphoned-modules-and-menus;swift-yyds,"{""message"":""No common ancestor between main and verseboys:main."",""documentation_url"":""https://docs.github.com/rest/commits/commits#compare-two-commits"",""status"":""404""}",2026-03-01T15:28:30Z,0
ysmh2008/vphone-cli,main,,,,,feat/vphoned-modules-and-menus;swift-yyds,"{""message"":""No common ancestor between main and ysmh2008:main."",""documentation_url"":""https://docs.github.com/rest/commits/commits#compare-two-commits"",""status"":""404""}",2026-03-01T15:28:30Z,0
qinqinlovechaoran-lgtm/vphone-cli,main,,,,,feat/vphoned-modules-and-menus;swift-yyds,"{""message"":""No common ancestor between main and qinqinlovechaoran-lgtm:main."",""documentation_url"":""https://docs.github.com/rest/commits/commits#compare-two-commits"",""status"":""404""}",2026-03-01T15:28:30Z,0
OodavidsinoO/vphone-cli,main,,,,patches_jb_wip,feat/vphoned-modules-and-menus;swift-yyds,"{""message"":""No common ancestor between main and OodavidsinoO:main."",""documentation_url"":""https://docs.github.com/rest/commits/commits#compare-two-commits"",""status"":""404""}",2026-03-01T15:28:30Z,0
LRSnowX/vphone-cli,main,behind,0,5,,feat/vphoned-modules-and-menus;swift-yyds,,2026-04-26T05:03:12Z,0
buyersystem/vphone-cli,main,,,,,feat/vphoned-modules-and-menus;swift-yyds,"{""message"":""No common ancestor between main and buyersystem:main."",""documentation_url"":""https://docs.github.com/rest/commits/commits#compare-two-commits"",""status"":""404""}",2026-03-02T13:35:08Z,0
w2wewwww/vphone-cli,main,,,,,feat/vphoned-modules-and-menus;swift-yyds,"{""message"":""No common ancestor between main and w2wewwww:main."",""documentation_url"":""https://docs.github.com/rest/commits/commits#compare-two-commits"",""status"":""404""}",2026-03-01T14:31:00Z,1
allinbsv/vphone-cli,main,,,,patches_jb_wip,feat/vphoned-modules-and-menus;swift-yyds,"{""message"":""No common ancestor between main and allinbsv:main."",""documentation_url"":""https://docs.github.com/rest/commits/commits#compare-two-commits"",""status"":""404""}",2026-03-01T14:31:00Z,0
CryptoSwz/vphone-cli,main,,,,patches_jb_wip,feat/vphoned-modules-and-menus;swift-yyds,"{""message"":""No common ancestor between main and CryptoSwz:main."",""documentation_url"":""https://docs.github.com/rest/commits/commits#compare-two-commits"",""status"":""404""}",2026-03-01T14:31:00Z,0
PlayerNeo/vphone-cli,main,,,,,feat/vphoned-modules-and-menus;swift-yyds,"{""message"":""No common ancestor between main and PlayerNeo:main."",""documentation_url"":""https://docs.github.com/rest/commits/commits#compare-two-commits"",""status"":""404""}",2026-03-01T14:31:00Z,0
z0fans/vphone-cli,main,,,,,feat/vphoned-modules-and-menus;swift-yyds,"{""message"":""No common ancestor between main and z0fans:main."",""documentation_url"":""https://docs.github.com/rest/commits/commits#compare-two-commits"",""status"":""404""}",2026-03-01T14:31:00Z,0
0xEmberZz/vphone-cli,main,,,,,feat/vphoned-modules-and-menus;swift-yyds,"{""message"":""No common ancestor between main and 0xEmberZz:main."",""documentation_url"":""https://docs.github.com/rest/commits/commits#compare-two-commits"",""status"":""404""}",2026-03-01T14:31:00Z,0
SillyRoot/vphone-cli,main,,,,,feat/vphoned-modules-and-menus;swift-yyds,"{""message"":""No common ancestor between main and SillyRoot:main."",""documentation_url"":""https://docs.github.com/rest/commits/commits#compare-two-commits"",""status"":""404""}",2026-03-01T08:20:43Z,0
sinyu1012/vphone-cli,main,,,,,feat/vphoned-modules-and-menus;swift-yyds,"{""message"":""No common ancestor between main and sinyu1012:main."",""documentation_url"":""https://docs.github.com/rest/commits/commits#compare-two-commits"",""status"":""404""}",2026-03-01T08:20:43Z,0
alyfreym/vphone-cli,main,,,,,feat/vphoned-modules-and-menus;swift-yyds,"{""message"":""No common ancestor between main and alyfreym:main."",""documentation_url"":""https://docs.github.com/rest/commits/commits#compare-two-commits"",""status"":""404""}",2026-03-01T08:20:43Z,0
joydo/vphone-cli,main,,,,,feat/vphoned-modules-and-menus;swift-yyds,"{""message"":""No common ancestor between main and joydo:main."",""documentation_url"":""https://docs.github.com/rest/commits/commits#compare-two-commits"",""status"":""404""}",2026-03-01T08:20:43Z,0
pokemc32ryan/vphone-cli-backup,main,,,,,feat/vphoned-modules-and-menus;swift-yyds,"{""message"":""No common ancestor between main and pokemc32ryan:main."",""documentation_url"":""https://docs.github.com/rest/commits/commits#compare-two-commits"",""status"":""404""}",2026-03-01T08:20:43Z,0
huami1314/vphone-cli,main,,,,,feat/vphoned-modules-and-menus;swift-yyds,"{""message"":""No common ancestor between main and huami1314:main."",""documentation_url"":""https://docs.github.com/rest/commits/commits#compare-two-commits"",""status"":""404""}",2026-03-01T08:20:43Z,0
Walker1o/vphone-cli,main,,,,,feat/vphoned-modules-and-menus;swift-yyds,"{""message"":""No common ancestor between main and Walker1o:main."",""documentation_url"":""https://docs.github.com/rest/commits/commits#compare-two-commits"",""status"":""404""}",2026-03-01T08:20:43Z,0
jonasen1988/vphone-cli,main,,,,,feat/vphoned-modules-and-menus;swift-yyds,"{""message"":""No common ancestor between main and jonasen1988:main."",""documentation_url"":""https://docs.github.com/rest/commits/commits#compare-two-commits"",""status"":""404""}",2026-03-01T08:20:43Z,0
adm1n007/vphone-cli,main,diverged,80,212,patches_jb_wip,feat/vphoned-modules-and-menus;swift-yyds,,2026-03-06T18:20:33Z,0
RatedR9/vphone-cli,main,,,,,feat/vphoned-modules-and-menus;swift-yyds,"{""message"":""No common ancestor between main and RatedR9:main."",""documentation_url"":""https://docs.github.com/rest/commits/commits#compare-two-commits"",""status"":""404""}",2026-03-01T08:20:43Z,0
spacegemini/vphone-cli,main,,,,,feat/vphoned-modules-and-menus;swift-yyds,"{""message"":""No common ancestor between main and spacegemini:main."",""documentation_url"":""https://docs.github.com/rest/commits/commits#compare-two-commits"",""status"":""404""}",2026-03-01T06:14:52Z,0
ilovejs/vphone-cli,main,,,,,feat/vphoned-modules-and-menus;swift-yyds,"{""message"":""No common ancestor between main and ilovejs:main."",""documentation_url"":""https://docs.github.com/rest/commits/commits#compare-two-commits"",""status"":""404""}",2026-03-01T06:14:52Z,0
hookjk100/vphone-cli,main,,,,,feat/vphoned-modules-and-menus;swift-yyds,"{""message"":""No common ancestor between main and hookjk100:main."",""documentation_url"":""https://docs.github.com/rest/commits/commits#compare-two-commits"",""status"":""404""}",2026-03-01T06:14:52Z,0
khanhduytran0/vphone-cli,main,,,,vrevm,feat/vphoned-modules-and-menus;swift-yyds,"{""message"":""No common ancestor between main and khanhduytran0:main."",""documentation_url"":""https://docs.github.com/rest/commits/commits#compare-two-commits"",""status"":""404""}",2026-03-01T07:11:49Z,5
master001p/vphone-cli,main,behind,0,16,,feat/vphoned-modules-and-menus;swift-yyds,,2026-04-17T06:40:40Z,0
Jody8888/vphone-cli,main,,,,,feat/vphoned-modules-and-menus;swift-yyds,"{""message"":""No common ancestor between main and Jody8888:main."",""documentation_url"":""https://docs.github.com/rest/commits/commits#compare-two-commits"",""status"":""404""}",2026-03-01T06:14:52Z,0
BigCatGit/vphone-cli,main,,,,,feat/vphoned-modules-and-menus;swift-yyds,"{""message"":""No common ancestor between main and BigCatGit:main."",""documentation_url"":""https://docs.github.com/rest/commits/commits#compare-two-commits"",""status"":""404""}",2026-03-01T05:16:32Z,0
zhaoming310/mac-,main,,,,,feat/vphoned-modules-and-menus;swift-yyds,"{""message"":""No common ancestor between main and zhaoming310:main."",""documentation_url"":""https://docs.github.com/rest/commits/commits#compare-two-commits"",""status"":""404""}",2026-03-01T05:16:32Z,0
BoringApp/vphone-cli,main,behind,0,38,feat/dep,feat/vphoned-modules-and-menus;swift-yyds,,2026-03-24T10:00:50Z,0
iphone5s/vphone-cli,main,,,,,feat/vphoned-modules-and-menus;swift-yyds,"{""message"":""No common ancestor between main and iphone5s:main."",""documentation_url"":""https://docs.github.com/rest/commits/commits#compare-two-commits"",""status"":""404""}",2026-03-01T04:39:04Z,0
IineIine/vphone-cli,main,,,,patches-jb,feat/vphoned-modules-and-menus;swift-yyds,"{""message"":""No common ancestor between main and IineIine:main."",""documentation_url"":""https://docs.github.com/rest/commits/commits#compare-two-commits"",""status"":""404""}",2026-03-01T03:06:44Z,0
DavidWangW/vphone-cli,main,,,,,feat/vphoned-modules-and-menus;swift-yyds,"{""message"":""No common ancestor between main and DavidWangW:main."",""documentation_url"":""https://docs.github.com/rest/commits/commits#compare-two-commits"",""status"":""404""}",2026-03-01T03:06:44Z,0
michaelx1993/vphone-cli,main,,,,patches-jb,feat/vphoned-modules-and-menus;swift-yyds,"{""message"":""No common ancestor between main and michaelx1993:main."",""documentation_url"":""https://docs.github.com/rest/commits/commits#compare-two-commits"",""status"":""404""}",2026-03-01T02:46:30Z,0
etyme/vphone-cli,main,,,,patches-jb,feat/vphoned-modules-and-menus;swift-yyds,"{""message"":""No common ancestor between main and etyme:main."",""documentation_url"":""https://docs.github.com/rest/commits/commits#compare-two-commits"",""status"":""404""}",2026-02-28T19:08:54Z,0
betamaoIS/vphone-cli,main,,,,,feat/vphoned-modules-and-menus;swift-yyds,"{""message"":""No common ancestor between main and betamaoIS:main."",""documentation_url"":""https://docs.github.com/rest/commits/commits#compare-two-commits"",""status"":""404""}",2026-02-28T19:08:54Z,0
eveloson/vphone-cli,main,,,,,feat/vphoned-modules-and-menus;swift-yyds,"{""message"":""No common ancestor between main and eveloson:main."",""documentation_url"":""https://docs.github.com/rest/commits/commits#compare-two-commits"",""status"":""404""}",2026-02-28T19:08:54Z,0
chengjunjian/vphone-cli,main,,,,,feat/vphoned-modules-and-menus;swift-yyds,"{""message"":""No common ancestor between main and chengjunjian:main."",""documentation_url"":""https://docs.github.com/rest/commits/commits#compare-two-commits"",""status"":""404""}",2026-02-28T19:08:54Z,0
phoeagon/vphone-cli,main,,,,,feat/vphoned-modules-and-menus;swift-yyds,"{""message"":""No common ancestor between main and phoeagon:main."",""documentation_url"":""https://docs.github.com/rest/commits/commits#compare-two-commits"",""status"":""404""}",2026-02-28T19:08:54Z,0
KitenokGene/vphone-cli,main,,,,fix/macos15-input-fix,feat/vphoned-modules-and-menus;swift-yyds,"{""message"":""No common ancestor between main and KitenokGene:main."",""documentation_url"":""https://docs.github.com/rest/commits/commits#compare-two-commits"",""status"":""404""}",2026-02-28T19:47:28Z,0
rafaelhziliao/vphone-cli,main,,,,,feat/vphoned-modules-and-menus;swift-yyds,"{""message"":""No common ancestor between main and rafaelhziliao:main."",""documentation_url"":""https://docs.github.com/rest/commits/commits#compare-two-commits"",""status"":""404""}",2026-02-28T19:08:54Z,0
alingowangxr/vphone-cli,main,,,,,feat/vphoned-modules-and-menus;swift-yyds,"{""message"":""No common ancestor between main and alingowangxr:main."",""documentation_url"":""https://docs.github.com/rest/commits/commits#compare-two-commits"",""status"":""404""}",2026-02-28T18:59:57Z,0
agisota/vphone-cli,main,,,,patches-jb,feat/vphoned-modules-and-menus;swift-yyds,"{""message"":""No common ancestor between main and agisota:main."",""documentation_url"":""https://docs.github.com/rest/commits/commits#compare-two-commits"",""status"":""404""}",2026-02-28T18:59:57Z,1
WindyCitySDR/vphone-cli,main,,,,,feat/vphoned-modules-and-menus;swift-yyds,"{""message"":""No common ancestor between main and WindyCitySDR:main."",""documentation_url"":""https://docs.github.com/rest/commits/commits#compare-two-commits"",""status"":""404""}",2026-02-28T18:59:57Z,0
jalyfeng/vphone-cli,main,,,,bugfix/jb,feat/vphoned-modules-and-menus;swift-yyds,"{""message"":""No common ancestor between main and jalyfeng:main."",""documentation_url"":""https://docs.github.com/rest/commits/commits#compare-two-commits"",""status"":""404""}",2026-03-04T05:03:25Z,0
jhnmyr233/vphone-cli,main,,,,,feat/vphoned-modules-and-menus;swift-yyds,"{""message"":""No common ancestor between main and jhnmyr233:main."",""documentation_url"":""https://docs.github.com/rest/commits/commits#compare-two-commits"",""status"":""404""}",2026-02-28T17:22:29Z,0
xatuke/vphone-cli,main,,,,patch-1,feat/vphoned-modules-and-menus;swift-yyds,"{""message"":""No common ancestor between main and xatuke:main."",""documentation_url"":""https://docs.github.com/rest/commits/commits#compare-two-commits"",""status"":""404""}",2026-02-28T17:15:31Z,0
yyyywaiwai/vphone-cli,main,,,,,feat/vphoned-modules-and-menus;swift-yyds,"{""message"":""No common ancestor between main and yyyywaiwai:main."",""documentation_url"":""https://docs.github.com/rest/commits/commits#compare-two-commits"",""status"":""404""}",2026-02-28T15:56:29Z,0
ericcug/vphone-cli,main,,,,,feat/vphoned-modules-and-menus;swift-yyds,"{""message"":""No common ancestor between main and ericcug:main."",""documentation_url"":""https://docs.github.com/rest/commits/commits#compare-two-commits"",""status"":""404""}",2026-02-28T15:43:53Z,0
Serizao-bzhunt/vphone-cli,main,,,,,feat/vphoned-modules-and-menus;swift-yyds,"{""message"":""No common ancestor between main and Serizao-bzhunt:main."",""documentation_url"":""https://docs.github.com/rest/commits/commits#compare-two-commits"",""status"":""404""}",2026-02-28T09:03:37Z,0
zcmiss/vphone-cli,main,,,,,feat/vphoned-modules-and-menus;swift-yyds,"{""message"":""No common ancestor between main and zcmiss:main."",""documentation_url"":""https://docs.github.com/rest/commits/commits#compare-two-commits"",""status"":""404""}",2026-02-28T09:03:37Z,0
Ssabal/vphone-cli,main,,,,,feat/vphoned-modules-and-menus;swift-yyds,"{""message"":""No common ancestor between main and Ssabal:main."",""documentation_url"":""https://docs.github.com/rest/commits/commits#compare-two-commits"",""status"":""404""}",2026-02-28T09:03:37Z,0
aoconch/vphone-cli,main,,,,,feat/vphoned-modules-and-menus;swift-yyds,"{""message"":""No common ancestor between main and aoconch:main."",""documentation_url"":""https://docs.github.com/rest/commits/commits#compare-two-commits"",""status"":""404""}",2026-02-28T09:03:37Z,0
zcc135820-web/vphone-cli,main,,,,,feat/vphoned-modules-and-menus;swift-yyds,"{""message"":""No common ancestor between main and zcc135820-web:main."",""documentation_url"":""https://docs.github.com/rest/commits/commits#compare-two-commits"",""status"":""404""}",2026-02-28T09:03:37Z,0
lpy30m/vphone-cli,main,,,,,feat/vphoned-modules-and-menus;swift-yyds,"{""message"":""No common ancestor between main and lpy30m:main."",""documentation_url"":""https://docs.github.com/rest/commits/commits#compare-two-commits"",""status"":""404""}",2026-02-28T09:03:37Z,0
elmehdiayad/vphone-cli,main,,,,,feat/vphoned-modules-and-menus;swift-yyds,"{""message"":""No common ancestor between main and elmehdiayad:main."",""documentation_url"":""https://docs.github.com/rest/commits/commits#compare-two-commits"",""status"":""404""}",2026-02-28T09:03:37Z,0
hxhlb/vphone-cli,main,behind,0,2,,feat/vphoned-modules-and-menus;swift-yyds,,2026-04-28T08:10:21Z,0
kingzynj/vphone-cli,main,,,,,feat/vphoned-modules-and-menus;swift-yyds,"{""message"":""No common ancestor between main and kingzynj:main."",""documentation_url"":""https://docs.github.com/rest/commits/commits#compare-two-commits"",""status"":""404""}",2026-02-28T09:03:37Z,0
Pew2018/vphone-cli,main,,,,,feat/vphoned-modules-and-menus;swift-yyds,"{""message"":""No common ancestor between main and Pew2018:main."",""documentation_url"":""https://docs.github.com/rest/commits/commits#compare-two-commits"",""status"":""404""}",2026-02-28T13:12:43Z,0
yon1ng/vphone-cli,main,,,,,feat/vphoned-modules-and-menus;swift-yyds,"{""message"":""No common ancestor between main and yon1ng:main."",""documentation_url"":""https://docs.github.com/rest/commits/commits#compare-two-commits"",""status"":""404""}",2026-02-28T04:01:58Z,0
qq1016127192/vphone-cli,main,,,,,feat/vphoned-modules-and-menus;swift-yyds,"{""message"":""No common ancestor between main and qq1016127192:main."",""documentation_url"":""https://docs.github.com/rest/commits/commits#compare-two-commits"",""status"":""404""}",2026-02-28T04:01:58Z,0
mucsbr/vphone-cli,main,,,,,feat/vphoned-modules-and-menus;swift-yyds,"{""message"":""No common ancestor between main and mucsbr:main."",""documentation_url"":""https://docs.github.com/rest/commits/commits#compare-two-commits"",""status"":""404""}",2026-02-28T04:01:58Z,0
p1atdev/vphone-cli,main,,,,,feat/vphoned-modules-and-menus;swift-yyds,"{""message"":""No common ancestor between main and p1atdev:main."",""documentation_url"":""https://docs.github.com/rest/commits/commits#compare-two-commits"",""status"":""404""}",2026-03-03T14:28:55Z,1
azyben8/vphone-cli,main,,,,,feat/vphoned-modules-and-menus;swift-yyds,"{""message"":""No common ancestor between main and azyben8:main."",""documentation_url"":""https://docs.github.com/rest/commits/commits#compare-two-commits"",""status"":""404""}",2026-02-28T04:01:58Z,0
3117310/vphone-cli,main,,,,,feat/vphoned-modules-and-menus;swift-yyds,"{""message"":""No common ancestor between main and 3117310:main."",""documentation_url"":""https://docs.github.com/rest/commits/commits#compare-two-commits"",""status"":""404""}",2026-02-28T04:01:58Z,0
acoffeeworld/vphone-cli,main,,,,,feat/vphoned-modules-and-menus;swift-yyds,"{""message"":""No common ancestor between main and acoffeeworld:main."",""documentation_url"":""https://docs.github.com/rest/commits/commits#compare-two-commits"",""status"":""404""}",2026-02-28T04:01:58Z,0
jiangtao89/vphone-cli,main,,,,,feat/vphoned-modules-and-menus;swift-yyds,"{""message"":""No common ancestor between main and jiangtao89:main."",""documentation_url"":""https://docs.github.com/rest/commits/commits#compare-two-commits"",""status"":""404""}",2026-02-28T04:01:58Z,0
InsideBinary/vphone-cli,main,,,,,feat/vphoned-modules-and-menus;swift-yyds,"{""message"":""No common ancestor between main and InsideBinary:main."",""documentation_url"":""https://docs.github.com/rest/commits/commits#compare-two-commits"",""status"":""404""}",2026-02-28T04:01:58Z,0
KorsChen/vphone-cli,main,behind,0,38,,feat/vphoned-modules-and-menus;swift-yyds,,2026-03-21T15:03:01Z,0
kakapopya/vphone-cli,main,,,,,feat/vphoned-modules-and-menus;swift-yyds,"{""message"":""No common ancestor between main and kakapopya:main."",""documentation_url"":""https://docs.github.com/rest/commits/commits#compare-two-commits"",""status"":""404""}",2026-02-28T04:01:58Z,0
mssky9527/vphone-cli,main,,,,,feat/vphoned-modules-and-menus;swift-yyds,"{""message"":""No common ancestor between main and mssky9527:main."",""documentation_url"":""https://docs.github.com/rest/commits/commits#compare-two-commits"",""status"":""404""}",2026-02-28T04:01:58Z,0
apploHah/vphone-cli,main,,,,,feat/vphoned-modules-and-menus;swift-yyds,"{""message"":""No common ancestor between main and apploHah:main."",""documentation_url"":""https://docs.github.com/rest/commits/commits#compare-two-commits"",""status"":""404""}",2026-02-27T18:38:17Z,0
zhiyu-zeng/vphone-cli,main,,,,,feat/vphoned-modules-and-menus;swift-yyds,"{""message"":""No common ancestor between main and zhiyu-zeng:main."",""documentation_url"":""https://docs.github.com/rest/commits/commits#compare-two-commits"",""status"":""404""}",2026-03-02T09:46:44Z,0
NeilTong/vphone-cli,main,,,,,feat/vphoned-modules-and-menus;swift-yyds,"{""message"":""No common ancestor between main and NeilTong:main."",""documentation_url"":""https://docs.github.com/rest/commits/commits#compare-two-commits"",""status"":""404""}",2026-02-27T18:38:17Z,0
retX0/vphone-cli,main,behind,0,38,features/amfree;fix/amfid-running;fix/libtoolize-error,feat/vphoned-modules-and-menus;swift-yyds,,2026-03-26T20:51:09Z,0
Xplo8E/vphone-cli,main,identical,0,0,alpha;dev;fix-clean;imgbot;ios-18-support-wip;personal,feat/vphoned-modules-and-menus;swift-yyds,,2026-05-02T06:55:20Z,2
cocoazfli/vphone-cli,main,,,,,feat/vphoned-modules-and-menus;swift-yyds,"{""message"":""No common ancestor between main and cocoazfli:main."",""documentation_url"":""https://docs.github.com/rest/commits/commits#compare-two-commits"",""status"":""404""}",2026-02-27T18:38:17Z,0
tukies/vphone-cli,main,,,,,feat/vphoned-modules-and-menus;swift-yyds,"{""message"":""No common ancestor between main and tukies:main."",""documentation_url"":""https://docs.github.com/rest/commits/commits#compare-two-commits"",""status"":""404""}",2026-02-27T18:38:17Z,0
Tr33NewBee/vphone-cli,main,,,,,feat/vphoned-modules-and-menus;swift-yyds,"{""message"":""No common ancestor between main and Tr33NewBee:main."",""documentation_url"":""https://docs.github.com/rest/commits/commits#compare-two-commits"",""status"":""404""}",2026-02-27T18:38:17Z,0
iarata/vphone-cli,main,,,,,feat/vphoned-modules-and-menus;swift-yyds,"{""message"":""No common ancestor between main and iarata:main."",""documentation_url"":""https://docs.github.com/rest/commits/commits#compare-two-commits"",""status"":""404""}",2026-02-27T18:38:17Z,0
clearbluejar/vphone-cli,main,,,,,feat/vphoned-modules-and-menus;swift-yyds,"{""message"":""No common ancestor between main and clearbluejar:main."",""documentation_url"":""https://docs.github.com/rest/commits/commits#compare-two-commits"",""status"":""404""}",2026-03-03T16:39:29Z,1
n-WN/vphone-cli,main,,,,fix/macos15-trailing-comma-compat,feat/vphoned-modules-and-menus;swift-yyds,"{""message"":""No common ancestor between main and n-WN:main."",""documentation_url"":""https://docs.github.com/rest/commits/commits#compare-two-commits"",""status"":""404""}",2026-02-28T10:53:55Z,0
laggykiller/vphone-cli,main,,,,,feat/vphoned-modules-and-menus;swift-yyds,"{""message"":""No common ancestor between main and laggykiller:main."",""documentation_url"":""https://docs.github.com/rest/commits/commits#compare-two-commits"",""status"":""404""}",2026-02-27T21:36:54Z,0
necklinux/vphone-cli,main,,,,,feat/vphoned-modules-and-menus;swift-yyds,"{""message"":""No common ancestor between main and necklinux:main."",""documentation_url"":""https://docs.github.com/rest/commits/commits#compare-two-commits"",""status"":""404""}",2026-02-27T18:38:17Z,0
R3n3r0/vphone-cli,main,diverged,53,212,,feat/vphoned-modules-and-menus;swift-yyds,,2026-03-04T22:24:55Z,0
cocoa-xu/vphone-cli,main,,,,cx-fix-make-venv-keystone,feat/vphoned-modules-and-menus;swift-yyds,"{""message"":""No common ancestor between main and cocoa-xu:main."",""documentation_url"":""https://docs.github.com/rest/commits/commits#compare-two-commits"",""status"":""404""}",2026-02-27T20:18:06Z,0
shijua/vphone-cli,main,,,,,feat/vphoned-modules-and-menus;swift-yyds,"{""message"":""No common ancestor between main and shijua:main."",""documentation_url"":""https://docs.github.com/rest/commits/commits#compare-two-commits"",""status"":""404""}",2026-03-01T14:19:03Z,0
mukarramkhalid/vphone-cli,main,behind,0,37,,feat/vphoned-modules-and-menus;swift-yyds,,2026-04-01T00:55:09Z,1
satyamisme/vphone-cli,main,,,,,feat/vphoned-modules-and-menus;swift-yyds,"{""message"":""No common ancestor between main and satyamisme:main."",""documentation_url"":""https://docs.github.com/rest/commits/commits#compare-two-commits"",""status"":""404""}",2026-02-27T11:25:04Z,0
pankon/vphone-cli,main,,,,,feat/vphoned-modules-and-menus;swift-yyds,"{""message"":""No common ancestor between main and pankon:main."",""documentation_url"":""https://docs.github.com/rest/commits/commits#compare-two-commits"",""status"":""404""}",2026-02-27T11:12:04Z,0
rockhacker/vphone-cli,main,,,,,feat/vphoned-modules-and-menus;swift-yyds,"{""message"":""No common ancestor between main and rockhacker:main."",""documentation_url"":""https://docs.github.com/rest/commits/commits#compare-two-commits"",""status"":""404""}",2026-02-27T07:33:59Z,0
JJTech0130/iphone-vre,main,,,,keyboard,feat/vphoned-modules-and-menus;swift-yyds,"{""message"":""No common ancestor between main and JJTech0130:main."",""documentation_url"":""https://docs.github.com/rest/commits/commits#compare-two-commits"",""status"":""404""}",2026-03-07T16:29:59Z,30
Kachinaco/vphone-cli,main,,,,,feat/vphoned-modules-and-menus;swift-yyds,"{""message"":""No common ancestor between main and Kachinaco:main."",""documentation_url"":""https://docs.github.com/rest/commits/commits#compare-two-commits"",""status"":""404""}",2026-02-27T01:53:30Z,0
Jerryy959/vphone-cli,main,,,,,feat/vphoned-modules-and-menus;swift-yyds,"{""message"":""No common ancestor between main and Jerryy959:main."",""documentation_url"":""https://docs.github.com/rest/commits/commits#compare-two-commits"",""status"":""404""}",2026-03-02T05:00:23Z,0
missaustraliana/vphone-cli,main,,,,,feat/vphoned-modules-and-menus;swift-yyds,"{""message"":""No common ancestor between main and missaustraliana:main."",""documentation_url"":""https://docs.github.com/rest/commits/commits#compare-two-commits"",""status"":""404""}",2026-02-27T01:09:09Z,0
zqxwce/vphone-cli,main,identical,0,0,bugfix/brew_install;bugfix/debugserver-already-resigned;bugfix/missing-quotation;bugfix/no-sudo-passowrd;bugfix/rpcserver-task-for-pid;bugfix/vphoned_build;bugfix/waited-zero-exit;feature/additional-options;feature/amfidont_readme;feature/apple-services;feature/dtree-patch;feature/enable-dev-mode;feature/entitlements-debugserver;feature/implement-dev-mode-setup;feature/ipsw-dir;feature/jb-add-missing-dev-capabilities;feature/limit-download-patchless;feature/offline-tss;feature/patchless_amfidont;feature/pymobiledevice3;feature/re-enable-ssh;feature/restore_offline_doc;feature/rpc-server;feature/rpc-server-wip;feature/window-title-show-ip;flat/flatten-main;flat/main;mpass99/main;refactor/clone-to-submodules,feat/vphoned-modules-and-menus;swift-yyds,,2026-04-30T09:30:12Z,0
jfreemansh/vphone-cli,main,,,,,feat/vphoned-modules-and-menus;swift-yyds,"{""message"":""No common ancestor between main and jfreemansh:main."",""documentation_url"":""https://docs.github.com/rest/commits/commits#compare-two-commits"",""status"":""404""}",2026-02-26T15:56:40Z,0
cualquiercosa327/vphone-cli,main,,,,,feat/vphoned-modules-and-menus;swift-yyds,"{""message"":""No common ancestor between main and cualquiercosa327:main."",""documentation_url"":""https://docs.github.com/rest/commits/commits#compare-two-commits"",""status"":""404""}",2026-02-26T15:56:40Z,0
kiminih/vphone-cli,main,,,,,feat/vphoned-modules-and-menus;swift-yyds,"{""message"":""No common ancestor between main and kiminih:main."",""documentation_url"":""https://docs.github.com/rest/commits/commits#compare-two-commits"",""status"":""404""}",2026-02-26T15:56:40Z,0
demochasr/vphone-cli,main,,,,,feat/vphoned-modules-and-menus;swift-yyds,"{""message"":""No common ancestor between main and demochasr:main."",""documentation_url"":""https://docs.github.com/rest/commits/commits#compare-two-commits"",""status"":""404""}",2026-02-26T15:56:40Z,0
danielchim/vphone-cli,main,,,,,feat/vphoned-modules-and-menus;swift-yyds,"{""message"":""No common ancestor between main and danielchim:main."",""documentation_url"":""https://docs.github.com/rest/commits/commits#compare-two-commits"",""status"":""404""}",2026-02-27T03:16:49Z,0
carppond/vphone-cli,main,behind,0,5,,feat/vphoned-modules-and-menus;swift-yyds,,2026-04-25T01:57:42Z,0
xtiankisutsa/vphone-cli,main,,,,,feat/vphoned-modules-and-menus;swift-yyds,"{""message"":""No common ancestor between main and xtiankisutsa:main."",""documentation_url"":""https://docs.github.com/rest/commits/commits#compare-two-commits"",""status"":""404""}",2026-02-26T15:14:32Z,0
